,SampleID,ObjectID,Area,Eccentricity,Perimeter,MajorAxisLength,MinorAxisLength,Rugosity,Height,Width,AspectRatio
0,121_1,121_U1553D_4R_6W_16-19cm_N1of2_Z200x_obj00001_plane000,554508,0.8355185495145003,4832.762948353013,1272.5842807235613,699.2370097430869,1.2007869458394989,1172.0,1044.0,1.1226053639846743
1,121_1,121_U1553D_4R_6W_16-19cm_N1of2_Z200x_obj00002_plane000,1108209,0.8578449990883764,6644.280805040353,1895.9222821803314,974.330596750295,1.1203306093262801,1824.0,1428.0,1.2773109243697478
2,121_1,121_U1553D_4R_6W_16-19cm_N1of2_Z200x_obj00004_plane000,6047,0.3947972747740104,524.653895656662,96.1772149929258,88.36457227429392,1.6933024950779654,97.67972529745376,91.68019998059766,1.065439705826621
3,121_1,121_U1553D_4R_6W_16-19cm_N1of2_Z200x_obj00006_plane000,2314,0.850266034860385,290.3330444827409,80.575202954716,42.41101429415619,2.5413719670388852,81.84008115255467,44.721359549995796,1.8299998474121157
4,121_1,121_U1553D_4R_6W_16-19cm_N1of2_Z200x_obj00007_plane000,19449,0.934525830253426,741.9980874276962,270.9013295376465,96.412513001227,1.1406286129133365,263.18134887689814,110.93879626010954,2.372311199950623
5,121_1,121_U1553D_4R_6W_16-19cm_N1of2_Z200x_obj00008_plane000,24247,0.888926807305071,807.4711754931151,271.4565231633814,124.34046153296858,1.135265488635503,252.66732828914618,138.37069543157727,1.8260176224530669
6,121_1,121_U1553D_4R_6W_16-19cm_N1of2_Z200x_obj00009_plane000,30561,0.8020322533493249,944.0285706997456,270.2445999115944,161.4118905921406,1.1165951253547122,274.73912206347615,179.49364168261297,1.5306342859168216
7,121_1,121_U1553D_4R_6W_16-19cm_N1of2_Z200x_obj00010_plane000,2490,0.6910743560458735,409.7127701597078,73.27013121275621,52.958454379739976,2.652115246935298,77.7264412954965,60.41225799303581,1.286600499263852
8,121_1,121_U1553D_4R_6W_16-19cm_N1of2_Z200x_obj00012_plane000,16553,0.6361141230731288,587.0681092190353,166.85650082414827,128.74563941812744,1.1685460833131835,173.2753971505338,128.6885389254348,1.3464710890138682
9,121_1,121_U1553D_4R_6W_16-19cm_N1of2_Z200x_obj00013_plane000,14098,0.7212190724984342,549.2102448427661,166.35669542050388,115.23645481326999,1.1300857204552008,165.4869218075721,117.198761702724,1.4120193712228084
10,121_1,121_U1553D_4R_6W_16-19cm_N1of2_Z200x_obj00014_plane000,1975,0.6121976745934689,312.3746750430836,59.08341913008844,46.71754035974871,2.3770235089130693,56.97913377319474,52.64136624076158,1.0824022597094813
11,121_1,121_U1553D_4R_6W_16-19cm_N1of2_Z200x_obj00015_plane000,8275,0.7125836295735406,428.5756851698602,126.4837709830099,88.73939217480691,1.1623630955215793,124.0,90.0,1.3777777777777778
12,121_1,121_U1553D_4R_6W_16-19cm_N1of2_Z200x_obj00017_plane000,31434,0.9532341419513326,969.923015002474,371.4200360418602,112.25532067803002,1.1239073193870222,366.9661139256412,119.56697875924482,3.0691259220035088
13,121_1,121_U1553D_4R_6W_16-19cm_N1of2_Z200x_obj00018_plane000,28827,0.7400857019314385,1108.8275605729689,246.14973423155294,165.538789821778,1.4798448429068918,222.8194096755026,214.78826267055538,1.0373909956954468
14,121_1,121_U1553D_4R_6W_16-19cm_N1of2_Z200x_obj00019_plane000,14933,0.5872952027928328,598.0142853498728,163.41034227761702,132.2598878324694,1.1067159547419858,153.6828103600193,129.27743082984927,1.1887829868949948
15,121_1,121_U1553D_4R_6W_16-19cm_N1of2_Z200x_obj00020_plane000,27690,0.9386030795859495,911.6610383315984,329.0413707152485,113.51891953046709,1.208004733347558,388.0456802474336,123.96729847768425,3.1302261565156795
16,121_1,121_U1553D_4R_6W_16-19cm_N1of2_Z200x_obj00022_plane000,14821,0.7848081645699346,572.0975464705581,182.82070758941177,113.30108071501897,1.091810257897564,188.43558583715708,124.12070440566411,1.518164006073414
17,121_1,121_U1553D_4R_6W_16-19cm_N1of2_Z200x_obj00023_plane000,19572,0.9008588141577972,718.4062043356594,247.30035503242777,107.35609969290375,1.2199087593270594,280.6937375013014,119.37102175420682,2.3514395150212355
18,121_1,121_U1553D_4R_6W_16-19cm_N1of2_Z200x_obj00024_plane000,38869,0.8139603393750319,957.1879502661797,298.38538184062986,173.3381694438153,1.1297100859160663,279.28449550396186,207.09908807748985,1.3485549265164438
19,121_1,121_U1553D_4R_6W_16-19cm_N1of2_Z200x_obj00025_plane000,25472,0.3619937910880181,792.1046891454945,196.57216180550284,183.2407371990935,1.1244172980135894,196.867427097113,188.9082937157713,1.0421322601818472
20,121_1,121_U1553D_4R_6W_16-19cm_N1of2_Z200x_obj00026_plane000,17622,0.8030649314266449,562.9137802864846,194.86333679589526,116.1174119674843,1.0522530557275254,199.87607607588777,121.41494953917378,1.6462229472936445
21,121_1,121_U1553D_4R_6W_16-19cm_N1of2_Z200x_obj00027_plane000,31820,0.5627360309106414,842.7199128346442,226.5436939038667,187.26932135721245,1.13429922091123,233.10377839084842,180.78190638060278,1.2894198487988706
22,121_1,121_U1553D_4R_6W_16-19cm_N1of2_Z200x_obj00028_plane000,27210,0.8507799034961886,799.1757569573599,262.55837753917814,137.98024947654895,1.1064341049249562,285.67330785155724,151.800500866798,1.8818996394631797
23,121_1,121_U1553D_4R_6W_16-19cm_N1of2_Z200x_obj00029_plane000,9659,0.8135143291182498,546.683332908185,160.80177208307205,93.51344571038916,1.1908283173110907,156.62518108313813,107.22883636208543,1.4606628813377531
24,121_1,121_U1553D_4R_6W_16-19cm_N1of2_Z200x_obj00030_plane000,22166,0.6973493950863592,815.2346314604057,216.00825324061648,154.81988591650895,1.133524909727331,210.47341930354045,159.51536652482963,1.3194554473896336
25,121_1,121_U1553D_4R_6W_16-19cm_N1of2_Z200x_obj00031_plane000,30419,0.5602665024385716,1030.8397538817887,221.21032651887916,183.23125836664838,1.4152129075118685,207.88626027737425,206.96809805254154,1.0044362499992614
26,121_1,121_U1553D_4R_6W_16-19cm_N1of2_Z200x_obj00032_plane000,20959,0.5312016950260474,699.3351365237941,186.69343135122244,158.17514997284812,1.096284730218127,172.5122225143801,166.54294551407793,1.03584226868257
27,121_1,121_U1553D_4R_6W_16-19cm_N1of2_Z200x_obj00033_plane000,20950,0.38760124946253754,704.7249634685276,181.70722451543253,167.50265063651815,1.1295671486324217,196.03165872836263,161.13326395308079,1.2165809462250057
28,121_1,121_U1553D_4R_6W_16-19cm_N1of2_Z200x_obj00034_plane000,13455,0.30593235248949957,644.38181771802,143.56234218684187,136.67899482337302,1.3903113336434991,148.8505969407228,128.7903067897166,1.1557593164504205
29,121_1,121_U1553D_4R_6W_16-19cm_N1of2_Z200x_obj00035_plane000,26788,0.7476841374380144,735.1097397793778,237.71549100792063,157.85605076884062,1.0354915768542,234.9774693892936,174.54976309004442,1.3461918551449223
30,121_1,121_U1553D_4R_6W_16-19cm_N1of2_Z200x_obj00036_plane000,16197,0.6115305000855491,697.3940110268397,175.63103280065252,138.9629366116673,1.234192507212252,173.85861731414886,139.33964819989401,1.2477325697330208
31,121_1,121_U1553D_4R_6W_16-19cm_N1of2_Z200x_obj00037_plane000,19646,0.7217771321668581,781.4772721475249,206.88010334252635,143.18700449073043,1.1928768191456551,203.14653281467832,159.23747428662728,1.275745761007329
32,121_1,121_U1553D_4R_6W_16-19cm_N1of2_Z200x_obj00038_plane000,3378,0.8111719418697263,430.3990616607231,89.91565529250234,52.58337023659033,1.9752182619144154,79.0,49.0,1.6122448979591837
33,121_1,121_U1553D_4R_6W_16-19cm_N1of2_Z200x_obj00039_plane000,12424,0.8932597384471616,522.0559159102154,188.54984314868997,84.76087014677698,1.112265969749548,199.6267550012932,88.12477606501783,2.26527389816015
34,121_1,121_U1553D_4R_6W_16-19cm_N1of2_Z200x_obj00040_plane000,34113,0.5103080562272946,788.8670990922585,229.91069431567212,197.72128399789418,1.0620761508376335,222.97789625781974,195.3266572197754,1.1415640826071787
35,121_1,121_U1553D_4R_6W_16-19cm_N1of2_Z200x_obj00041_plane000,30811,0.7076406429976186,899.0285706997456,241.52818303842588,170.6571759763084,1.2019146078551963,242.49898892406478,179.21600053903586,1.3531101475018408
36,121_1,121_U1553D_4R_6W_16-19cm_N1of2_Z200x_obj00042_plane000,17760,0.8312553274695639,682.8082245892128,213.71561997742532,118.80254677506043,1.1110549929568518,207.9318519835805,148.65082639368708,1.398793784253129
37,121_1,121_U1553D_4R_6W_16-19cm_N1of2_Z200x_obj00043_plane000,16672,0.7799094554587338,535.7127701597078,185.22619230096907,115.93165789021391,1.0598818522712232,168.4671450698022,133.87298360987523,1.2584103269165885
38,121_1,121_U1553D_4R_6W_16-19cm_N1of2_Z200x_obj00044_plane000,17143,0.8267797603596759,655.2102448427661,206.3071970547942,116.0531123025357,1.1396569560851963,210.36462564351083,129.5365550061711,1.623978850089761
39,121_1,121_U1553D_4R_6W_16-19cm_N1of2_Z200x_obj00045_plane000,14051,0.6395058526459149,721.7726906832801,162.58338779509666,124.99186944576589,1.4624427588718023,153.28970784878982,132.02345876462067,1.1610793209264718
40,121_1,121_U1553D_4R_6W_16-19cm_N1of2_Z200x_obj00046_plane000,29078,0.7327650594316251,860.986940139403,243.5972400905753,165.76346828366718,1.1265928220057768,235.49565979895874,183.51865993699906,1.283224604407002
41,121_1,121_U1553D_4R_6W_16-19cm_N1of2_Z200x_obj00047_plane000,14256,0.48413877255981386,559.5645378815669,149.19269523600005,130.54229959845657,1.14730017939045,137.061658255078,130.51041701298416,1.0501970753908636
42,121_1,121_U1553D_4R_6W_16-19cm_N1of2_Z200x_obj00048_plane000,14051,0.5593464726722354,528.8670990922585,151.5658859438621,125.63811126761372,1.105686031059702,134.02679025384492,130.12783402889187,1.0299625076683239
43,121_1,121_U1553D_4R_6W_16-19cm_N1of2_Z200x_obj00049_plane000,2678,0.5837158190291883,312.0254326381661,66.39509710052668,53.91003224886482,1.628896321964363,60.0,49.0,1.2244897959183674
44,121_1,121_U1553D_4R_6W_16-19cm_N1of2_Z200x_obj00050_plane000,29423,0.6833363366830393,914.6082604829628,244.580727413132,178.56930043391208,1.09974625894201,227.11219312935287,176.0898260545856,1.2897519306933214
45,121_1,121_U1553D_4R_6W_16-19cm_N1of2_Z200x_obj00051_plane000,29318,0.8945982188590745,871.619407771256,317.3246215758751,141.8032903270406,1.0605514448324413,296.1454541156828,168.970886875199,1.752641887560277
46,121_1,121_U1553D_4R_6W_16-19cm_N1of2_Z200x_obj00052_plane000,14661,0.7951400274295248,528.9432175380073,181.18481792765093,109.87516098808825,1.1031034913749371,188.28697309326057,117.19822535396028,1.6065684657305956
47,121_1,121_U1553D_4R_6W_16-19cm_N1of2_Z200x_obj00053_plane000,31489,0.5683626991363889,1024.3361825443205,236.77336265329652,194.81194326618038,1.2469025260486588,229.18239058563688,195.18665939395174,1.1741703623456685
48,121_1,121_U1553D_4R_6W_16-19cm_N1of2_Z200x_obj00054_plane000,3272,0.49586205022748847,326.4751801064719,71.22915296443942,61.85548941372905,1.6150773271445766,70.41973097237052,66.4824706518445,1.0592225331267346
49,121_1,121_U1553D_4R_6W_16-19cm_N1of2_Z200x_obj00055_plane000,17565,0.6479700384680128,658.5239533417509,181.0994130816739,137.93723390454196,1.1282115113299818,156.6302625664993,154.19535253542827,1.0157910727595476
50,121_1,121_U1553D_4R_6W_16-19cm_N1of2_Z200x_obj00056_plane000,2201,0.8638394869832798,257.4213562373095,79.38557238836759,39.9918434987883,1.686599703385756,74.16590790053239,49.50267055327176,1.4982203398646856
51,121_1,121_U1553D_4R_6W_16-19cm_N1of2_Z200x_obj00057_plane000,19531,0.3620046881324887,639.5239533417509,167.46153145023248,156.10366642216025,1.1518738833495068,169.02256407740177,162.74569944529898,1.038568543767957
52,121_1,121_U1553D_4R_6W_16-19cm_N1of2_Z200x_obj00058_plane000,15087,0.7787271040579964,591.7544007200505,182.33490771450855,114.39014036049359,1.1085925791112492,184.0615599680197,119.38881141636021,1.5416985711175042
53,121_1,121_U1553D_4R_6W_16-19cm_N1of2_Z200x_obj00059_plane000,2778,0.8352434562923964,361.17366491630685,82.5518615680464,45.39364423559245,2.067063241268767,74.0,53.0,1.3962264150943395
54,121_1,121_U1553D_4R_6W_16-19cm_N1of2_Z200x_obj00060_plane000,14464,0.4078713814871613,568.6833329081849,151.7345384729634,138.53961115326592,1.092746954284595,147.24410979318682,137.92575952189836,1.0675606232192545
55,121_1,121_U1553D_4R_6W_16-19cm_N1of2_Z200x_obj00061_plane000,15028,0.877338260174972,654.6000717874997,204.42353813516237,98.09722599193303,1.2457586704191144,222.29130070138046,100.9962694922421,2.2009852623165993
56,121_1,121_U1553D_4R_6W_16-19cm_N1of2_Z200x_obj00062_plane000,28138,0.3275577091543234,771.8204178980326,197.58036909400602,186.68009207071842,1.167297030772438,211.94210679030616,184.21894713064015,1.1504902730771007
57,121_1,121_U1553D_4R_6W_16-19cm_N1of2_Z200x_obj00063_plane000,14417,0.6957141828336366,590.98484809835,166.08122142761283,119.29924950196262,1.1804308779682275,167.07053655371226,119.94631376818869,1.3928776242060847
58,121_1,121_U1553D_4R_6W_16-19cm_N1of2_Z200x_obj00064_plane000,3841,0.5674210823520981,239.9655121145938,77.7443735867127,64.01687725338503,1.0534887733619793,74.38424619136086,65.8314782581376,1.1299191231842958
59,121_1,121_U1553D_4R_6W_16-19cm_N1of2_Z200x_obj00066_plane000,8387,0.9770828734757866,713.9676041556469,231.40990605760445,49.25773798587833,1.7596672774252489,243.63125405418958,48.73024805834409,4.999589859721072
60,121_1,121_U1553D_4R_6W_16-19cm_N1of2_Z200x_obj00067_plane000,1605,0.611148441952179,174.75230867899737,51.7521418605685,40.96264843601977,1.275838436904869,51.51482499280177,40.83161697541324,1.2616405817046488
61,121_1,121_U1553D_4R_6W_16-19cm_N1of2_Z200x_obj00068_plane000,2385,0.7876962787890622,393.3929650063132,75.93649584883735,46.78172413973124,3.1813276133694637,74.99885717421037,54.80686396754899,1.368420882804333
62,121_1,121_U1553D_4R_6W_16-19cm_N1of2_Z200x_obj00069_plane000,30996,0.9415311579097769,1009.3351365237941,383.93271442102383,129.35688480046753,1.053413737496208,383.1695359878051,157.40555779725403,2.4342821266917776
63,121_1,121_U1553D_4R_6W_16-19cm_N1of2_Z200x_obj00070_plane000,5393,0.8649794380442553,399.8305191657993,127.56241328759808,64.01175088316668,1.3578061736454532,134.43999241980316,71.26365679505524,1.8865154900264889
64,121_1,121_U1553D_4R_6W_16-19cm_N1of2_Z200x_obj00071_plane000,16920,0.8813643112932782,775.0163773909259,231.97723755996515,109.59468709295882,1.2859949763647678,228.31433689682683,125.65389159632025,1.8170096763124284
65,121_1,121_U1553D_4R_6W_16-19cm_N1of2_Z200x_obj00072_plane000,6400,0.8675693613168008,355.11984104714446,133.06913368049456,66.1774359691016,1.0694254234898293,121.8861362941237,72.81559124086176,1.673901622125745
66,121_1,121_U1553D_4R_6W_16-19cm_N1of2_Z200x_obj00073_plane000,3706,0.8509627760695656,371.0437226013957,100.72862936198649,52.90529534111316,1.8458766928200843,114.48667277105909,58.5849724805721,1.9541986267728482
67,121_1,121_U1553D_4R_6W_16-19cm_N1of2_Z200x_obj00075_plane000,40815,0.8952572763335865,1582.8418459228417,400.90426850729995,178.62271987568414,1.3583972753446256,451.21796848443364,197.72082541851094,2.282096322071038
68,121_1,121_U1553D_4R_6W_16-19cm_N1of2_Z200x_obj00076_plane000,15763,0.8460573192087576,601.1686142824235,203.63410968755838,108.5557018425212,1.119873494115006,196.69597773873326,120.45951179128093,1.6328804161148067
69,121_1,121_U1553D_4R_6W_16-19cm_N1of2_Z200x_obj00077_plane000,21087,0.9361718668499857,805.3462838120872,284.66072244014464,100.070385101987,1.1704784822524466,302.31161371399253,99.40227643317144,3.0412946721319596
70,121_1,121_U1553D_4R_6W_16-19cm_N1of2_Z200x_obj00078_plane000,40849,0.9284779243134149,1387.9352083112938,440.7017702848418,163.67116959506492,1.1809264675324898,453.98028146642855,187.54603484116694,2.420633855847207
71,121_1,121_U1553D_4R_6W_16-19cm_N1of2_Z200x_obj00079_plane000,4176,0.9089194860999265,682.0397179880389,127.79637657017157,53.287467670406684,6.121658055829763,121.99998474121094,50.99999237060547,2.3921569214101934
72,121_1,121_U1553D_4R_6W_16-19cm_N1of2_Z200x_obj00080_plane000,12095,0.929454137822962,1029.7981233214462,246.3385579816678,90.88357405985455,2.5142738251607826,290.9294747693273,98.97927749382549,2.9392968117743234
73,121_1,121_U1553D_4R_6W_16-19cm_N1of2_Z200x_obj00081_plane000,40952,0.9180650481219819,1216.8580438450185,392.8312389026096,155.7300001021178,1.2832810805359431,431.59587766297403,185.68139048370176,2.3243895176498985
74,121_1,121_U1553D_4R_6W_16-19cm_N1of2_Z200x_obj00082_plane000,13678,0.9542686759802868,672.3645737753169,266.1370602663669,79.56175942606927,1.107528900629212,252.92144164703464,95.71143666167518,2.642541481652522
75,121_1,121_U1553D_4R_6W_16-19cm_N1of2_Z200x_obj00083_plane000,6456,0.9534915291108818,563.4528855298854,178.6573042794093,53.850851319543594,2.0387810416865975,197.031323988797,61.20328904180206,3.219293065348562
76,121_1,121_U1553D_4R_6W_16-19cm_N1of2_Z200x_obj00084_plane000,4292,0.6781330139630238,327.0426765808691,90.49870767115804,66.51104705814872,1.2557969082706146,84.65833281421152,72.44252515501135,1.168627579354267
77,121_1,121_U1553D_4R_6W_16-19cm_N1of2_Z200x_obj00085_plane000,10288,0.7961507308316764,523.7127701597078,151.96747899792044,91.95527087359139,1.2515516240111628,156.36998362308142,89.69502172962058,1.743351867336048
78,121_1,121_U1553D_4R_6W_16-19cm_N1of2_Z200x_obj00087_plane000,4914,0.9621547618715645,431.5462479183374,161.77222732341784,44.083514977156675,1.62752857800075,167.91802401658447,49.41338112118203,3.39822979538235
79,121_1,121_U1553D_4R_6W_16-19cm_N1of2_Z200x_obj00088_plane000,3244,0.7841301023325813,256.5929291125633,87.08715144850524,54.045979054720924,1.250118811416836,88.08251235077263,57.622325729560885,1.5286177924190474
80,121_1,121_U1553D_4R_6W_16-19cm_N1of2_Z200x_obj00089_plane000,24111,0.8074956548585451,929.9747468305833,256.48244622114606,151.29220288964413,1.2172880023916375,271.01141157722293,160.54968078448547,1.6880221141081944
81,121_1,121_U1553D_4R_6W_16-19cm_N1of2_Z200x_obj00090_plane000,3938,0.9099638734434893,498.5290039756343,136.281743070009,56.514339662667574,2.4150447199650635,158.8975059393761,62.40206028306034,2.5463503162973358
82,121_1,121_U1553D_4R_6W_16-19cm_N1of2_Z200x_obj00092_plane000,11145,0.2570913396465875,504.98484809834997,128.50142420669886,124.18211975089757,1.1549893608352018,129.769245913299,128.44588549552157,1.0103028634406788
83,121_1,121_U1553D_4R_6W_16-19cm_N1of2_Z200x_obj00093_plane000,4244,0.8687596742215311,418.8721497261419,116.41613778053843,57.653219433089994,1.920698303820494,108.30610879293658,71.73368770299426,1.5098360653277239
84,121_1,121_U1553D_4R_6W_16-19cm_N1of2_Z200x_obj00094_plane000,13704,0.7477812321817265,771.1107857999044,170.11456790147298,112.94675083307673,1.6279700184241193,174.32818370684578,121.52685654382584,1.434482785654695
85,121_1,121_U1553D_4R_6W_16-19cm_N1of2_Z200x_obj00095_plane000,6530,0.5575882108369069,354.6761902332486,104.46007387427974,86.71415571784641,1.1724458017744117,107.36145390826586,85.77587662443813,1.2516509085455136
86,121_1,121_U1553D_4R_6W_16-19cm_N1of2_Z200x_obj00096_plane000,4994,0.9716072101848874,566.4823227814082,190.8615554804704,45.15779123589912,4.572111638318032,182.09182023233748,54.22952534813968,3.35779852512731
87,121_1,121_U1553D_4R_6W_16-19cm_N1of2_Z200x_obj00097_plane000,7740,0.9494814421190252,473.8132752230962,189.71579979385996,59.53721642369842,1.3041180369697045,190.7757550596197,73.65565844219833,2.590103178689686
88,121_1,121_U1553D_4R_6W_16-19cm_N1of2_Z200x_obj00098_plane000,3561,0.8910227262229669,384.3097038856279,103.67786095634695,47.065466984062596,1.7500602889396415,108.09561405333972,48.89871485616526,2.210602351642597
89,121_1,121_U1553D_4R_6W_16-19cm_N1of2_Z200x_obj00099_plane000,16799,0.9290522937370228,890.8925317304246,273.78599573325647,101.28669729505934,1.4670056592513532,273.7261093814647,122.06857846236183,2.242396141820103
90,121_1,121_U1553D_4R_6W_16-19cm_N1of2_Z200x_obj00101_plane000,16134,0.8348535749056587,694.7016228714147,202.09122242763948,111.24557512035344,1.3651655495273134,214.78825927960528,112.55001154195112,1.9083806064253186
91,121_1,121_U1553D_4R_6W_16-19cm_N1of2_Z200x_obj00102_plane000,2906,0.9419224112482735,342.65284963613556,112.18517043794527,37.67520964047371,2.4954016127142102,117.23421321994175,44.87340257996986,2.612554575308082
92,121_1,121_U1553D_4R_6W_16-19cm_N1of2_Z200x_obj00103_plane000,29663,0.801079090532653,1027.6681810065347,272.0399371429585,162.83181962266036,1.375046760589062,280.1254308140491,191.36498457772637,1.463828042691222
93,121_1,121_U1553D_4R_6W_16-19cm_N1of2_Z200x_obj00104_plane000,1675,0.7855178765690539,231.73506473629425,63.71425822793596,39.42886566838867,2.075421757973696,70.0,44.0,1.5909090909090908
94,121_1,121_U1553D_4R_6W_16-19cm_N1of2_Z200x_obj00105_plane000,14872,0.9435527433269509,950.1585130146568,271.9937397283265,90.09039556605276,1.6439015891086342,270.05921634531103,99.08784299847477,2.725452569892635
95,121_1,121_U1553D_4R_6W_16-19cm_N1of2_Z200x_obj00106_plane000,25674,0.9317578390201151,1053.6854249492378,325.569297310755,118.20780942608356,1.2295613068642788,321.52774289396865,143.40980858713982,2.24202058465617
96,121_1,121_U1553D_4R_6W_16-19cm_N1of2_Z200x_obj00107_plane000,5556,0.6557312329239393,302.3919189857867,99.12838054272733,74.84137259369213,1.0672476599425138,96.14181357975504,79.18183516676166,1.214190266963056
97,121_1,121_U1553D_4R_6W_16-19cm_N1of2_Z200x_obj00108_plane000,22643,0.6426394880671021,727.4356415871823,216.1760171207167,165.6272996333524,1.078803498049869,214.3479468595714,195.04932090944135,1.0989422873155767
98,121_1,121_U1553D_4R_6W_16-19cm_N1of2_Z200x_obj00109_plane000,10028,0.954449436842015,537.2741699796952,211.71185991885204,63.169040829397275,1.1765510739818534,224.19699402799182,68.58429017875366,3.268926359719686
99,121_1,121_U1553D_4R_6W_16-19cm_N1of2_Z200x_obj00110_plane000,2837,0.9436904362647471,303.16147160748716,109.90972834585828,36.361414100268306,2.006194547997319,111.01060909815139,39.568140730310134,2.805555354616767
100,121_1,121_U1553D_4R_6W_16-19cm_N1of2_Z200x_obj00111_plane000,2092,0.5453703875926922,171.92388155425118,56.49868419524461,47.356924113677465,1.0892245676809966,54.75263141832054,46.96404804802619,1.1658413977076596
101,121_1,121_U1553D_4R_6W_16-19cm_N1of2_Z200x_obj00112_plane000,6528,0.6674685369536104,387.3452377915607,108.77004743756287,80.99431066656167,1.254550093726666,103.5916147660077,88.52374533520947,1.1702127420585438
102,121_1,121_U1553D_4R_6W_16-19cm_N1of2_Z200x_obj00113_plane000,12622,0.9298363200288192,1057.3595231414336,237.43150684202737,87.36847717754769,2.1575858885914587,253.6468552935465,93.42006984210758,2.715121661996653
103,121_1,121_U1553D_4R_6W_16-19cm_N1of2_Z200x_obj00114_plane000,14927,0.9609743110709194,666.9747468305833,272.6176968349412,75.41631114873985,1.0903704837526762,256.6941914836813,82.55894926123702,3.1092230918714474
104,121_1,121_U1553D_4R_6W_16-19cm_N1of2_Z200x_obj00115_plane000,8671,0.8922764991865617,442.0142853498728,161.94764723522664,73.11764082441181,1.1420987125264068,165.42054522669363,78.75886783079318,2.100341838103689
105,121_1,121_U1553D_4R_6W_16-19cm_N1of2_Z200x_obj00116_plane000,59528,0.9834624914528298,1695.7423868799801,668.9571872242915,121.15612120262368,1.153663303419917,704.0426466185311,131.2263487720842,5.365101240767754
106,121_1,121_U1553D_4R_6W_16-19cm_N1of2_Z200x_obj00117_plane000,7884,0.9000021236207888,670.193000900063,173.54037241967697,75.64373366808954,2.0637051161428936,190.74924706754385,88.20487170691756,2.1625704269641166
107,121_1,121_U1553D_4R_6W_16-19cm_N1of2_Z200x_obj00118_plane000,2219,0.7660789358374556,231.59292911256333,68.39657260252494,43.96165769504159,1.4523953661700326,66.97947762008319,43.86141964359936,1.5270704451504777
108,121_1,121_U1553D_4R_6W_16-19cm_N1of2_Z200x_obj00119_plane000,6766,0.9148413018593429,422.2569260369921,152.2366679141219,61.47523105394072,1.1805966764002005,147.75308125830122,68.29671439866344,2.163399550904205
109,121_1,121_U1553D_4R_6W_16-19cm_N1of2_Z200x_obj00120_plane000,17971,0.9694479539304057,736.8326112068523,315.92985812836713,77.49667629688953,1.0758113881547224,314.78951091460004,84.50205921728337,3.725228874070036
110,121_1,121_U1553D_4R_6W_16-19cm_N1of2_Z200x_obj00121_plane000,4782,0.8397584527716018,335.64675298172574,112.84997549272525,61.27304133682766,1.1451789780740362,106.27847521153099,67.57834670747037,1.572670543000759
111,121_1,121_U1553D_4R_6W_16-19cm_N1of2_Z200x_obj00122_plane000,3062,0.9049371237344099,333.56349186104046,106.21039537429031,45.197334529626126,1.8502085043413707,117.06887284533278,50.07445995508897,2.3378958644852106
112,121_1,121_U1553D_4R_6W_16-19cm_N1of2_Z200x_obj00123_plane000,8017,0.9214866884088351,681.8965363437815,181.01196414806708,70.3068465055814,1.9809594027429722,182.0,83.0,2.1927710843373496
113,121_1,121_U1553D_4R_6W_16-19cm_N1of2_Z200x_obj00124_plane000,13540,0.9036322354038275,665.0924958366747,225.6567942697466,96.65088427747011,1.112245669613051,220.63314189549803,101.50434179291952,2.1736325559907073
114,121_1,121_U1553D_4R_6W_16-19cm_N1of2_Z200x_obj00125_plane000,5741,0.9182882245509794,507.5239533417509,149.88651046109487,59.34194856141772,1.4572839618768467,132.34059588433416,75.43192104690225,1.754437564993832
115,121_1,121_U1553D_4R_6W_16-19cm_N1of2_Z200x_obj00126_plane000,10826,0.8642327368921305,609.9615075012371,177.83764287981944,89.46873361205506,1.322326001786697,195.59893463779673,98.68727473660064,1.9820076616752897
116,121_1,121_U1553D_4R_6W_16-19cm_N1of2_Z200x_obj00127_plane000,8152,0.6201230576829132,420.07315985291854,120.07362576716469,94.1983060829472,1.1643021519113004,120.26499144507082,99.52708561540716,1.2083644437233814
117,121_1,121_U1553D_4R_6W_16-19cm_N1of2_Z200x_obj00129_plane000,3842,0.9651441364190988,384.60007178749976,147.65914639699622,38.64519312707626,2.3307372871998737,144.4545725184066,42.72092959079666,3.3813536807852222
118,121_1,121_U1553D_4R_6W_16-19cm_N1of2_Z200x_obj00130_plane000,3868,0.7813164586010065,269.17871555019025,93.87298755874563,58.589424105930206,1.1608422567765284,90.39650548403985,63.30732484372336,1.4278996262626356
119,121_1,121_U1553D_4R_6W_16-19cm_N1of2_Z200x_obj00131_plane000,1864,0.7142437881097671,181.92388155425118,60.807622869568604,42.55907284689646,1.2456987836703346,59.4163729394797,44.52382821223484,1.334484821391717
120,121_1,121_U1553D_4R_6W_16-19cm_N1of2_Z200x_obj00132_plane000,5538,0.9130033424275592,504.21024484276614,146.11576889990306,59.60823133129353,1.8568605225048693,141.4807358387217,70.98892295133301,1.9929973572879094
121,121_1,121_U1553D_4R_6W_16-19cm_N1of2_Z200x_obj00133_plane000,4365,0.9281355837393356,565.7249634685276,143.4791502042949,53.40901047129249,2.19822509039967,160.74899426248626,68.09505225589677,2.360656008580506
122,121_1,121_U1553D_4R_6W_16-19cm_N1of2_Z200x_obj00134_plane000,17129,0.9729840463585382,829.5971131946694,312.02635969486664,72.03826131500958,1.2648624873604952,293.72456245010216,74.97786981426292,3.917483427813088
123,121_1,121_U1553D_4R_6W_16-19cm_N1of2_Z200x_obj00135_plane000,3918,0.8620688876162307,410.87824638055173,107.12803335312644,54.29153533985325,2.0631148144397473,111.17612957380905,56.63149092427552,1.9631503207723702
124,121_1,121_U1553D_4R_6W_16-19cm_N1of2_Z200x_obj00136_plane000,3568,0.8567686814296335,460.6833329081849,108.52428274993316,55.96607115516811,2.646972057346128,122.50148149235109,64.18611816055464,1.9085354435351094
125,121_1,121_U1553D_4R_6W_16-19cm_N1of2_Z200x_obj00137_plane000,8762,0.9684821616452007,656.7138161802344,221.39264822467268,55.14512797042884,1.3507324061681998,218.90979932007986,63.87222165423047,3.427308361139192
126,121_1,121_U1553D_4R_6W_16-19cm_N1of2_Z200x_obj00138_plane000,5393,0.7762240233977848,581.2935059634514,136.28609081859062,85.92254553769024,1.851947678222597,166.87681250240024,91.63783353059287,1.821047116382222
127,121_1,121_U1553D_4R_6W_16-19cm_N1of2_Z200x_obj00139_plane000,26967,0.9053611606752415,978.5910165402596,298.171782327878,126.61638156298154,1.2374298191950124,306.4333042470532,134.49138252588637,2.2784605116842496
128,121_1,121_U1553D_4R_6W_16-19cm_N1of2_Z200x_obj00140_plane000,5297,0.9480882492876632,477.85490578343877,160.8087673623521,51.13836918405219,1.9791984605077984,155.19163241470514,59.82858173589473,2.593938012767507
129,121_1,121_U1553D_4R_6W_16-19cm_N1of2_Z200x_obj00142_plane000,4783,0.8438137557372087,313.5218613006978,110.5561696702261,59.328436029086006,1.1350218517046462,105.4765419507352,66.32834557865492,1.590218194507154
130,121_1,121_U1553D_4R_6W_16-19cm_N1of2_Z200x_obj00144_plane000,3820,0.8040213493161408,302.7350647362943,94.27538816428222,56.05618622100706,1.3524581202013937,98.61419375108143,56.40536162079774,1.7483124106897043
131,121_1,121_U1553D_4R_6W_16-19cm_N1of2_Z200x_obj00146_plane000,4625,0.8448808683875477,320.0904037956216,107.21815248356252,57.35683326926017,1.237733226090903,101.82336030647316,61.51828591713231,1.6551722595722753
132,121_1,121_U1553D_4R_6W_16-19cm_N1of2_Z200x_obj00147_plane000,2063,0.5281135861261967,230.45689014324225,57.85195023990691,49.12635693255378,1.5419730924273387,61.26826428947872,51.42956604147199,1.1913043217217303
133,121_1,121_U1553D_4R_6W_16-19cm_N1of2_Z200x_obj00148_plane000,11195,0.7990216515418542,498.07315985291854,163.19388991763282,98.12885380604104,1.1112541276625678,162.01380437075034,108.36492263239438,1.495076085832209
134,121_1,121_U1553D_4R_6W_16-19cm_N1of2_Z200x_obj00149_plane000,5137,0.9101122393154433,348.03152929257595,128.51744377312656,53.25272096915588,1.2251783326638332,125.83862812295307,54.37098379063077,2.314444568586924
135,121_1,121_U1553D_4R_6W_16-19cm_N1of2_Z200x_obj00150_plane000,4541,0.9123225861046296,314.3919189857867,121.60305417926902,49.79307254341383,1.142846651675052,117.00427674359132,51.86134970624358,2.2560977954938415
136,121_1,121_U1553D_4R_6W_16-19cm_N1of2_Z200x_obj00151_plane000,11984,0.9387711303486538,608.1219330881976,216.5331184968408,74.60462018270532,1.2969073894756606,236.86053094036552,75.39983370663987,3.1413932802812945
137,121_1,121_U1553D_4R_6W_16-19cm_N1of2_Z200x_obj00153_plane000,21237,0.8370450509558895,772.5483399593904,238.62373040078776,130.55914928671552,1.1282323940277081,226.6953884575878,157.49211251755062,1.4394078842032505
138,121_1,121_U1553D_4R_6W_16-19cm_N1of2_Z200x_obj00154_plane000,15975,0.9509069443172831,739.6316010800756,281.1409787768022,87.00665293521685,1.1988175652955084,286.4561053593852,95.74346947514513,2.9919127323221644
139,121_1,121_U1553D_4R_6W_16-19cm_N1of2_Z200x_obj00155_plane000,7112,0.7902010911366257,342.81832585697947,122.54854933519545,75.10358981669197,1.062228320734517,123.28370810785968,74.92823881026808,1.6453570785246459
140,121_1,121_U1553D_4R_6W_16-19cm_N1of2_Z200x_obj00156_plane000,2980,0.8206871257360064,264.2497833620557,82.88924974275243,47.361080884015834,1.3255214764196308,84.11803701806303,52.71949485174692,1.5955774472917903
141,121_1,121_U1553D_4R_6W_16-19cm_N1of2_Z200x_obj00157_plane000,27845,0.8970065719025706,828.3645737753169,295.99215420668054,130.83362485422668,1.0902809806004412,309.91902168147203,135.05849219311145,2.294702218638268
142,121_1,121_U1553D_4R_6W_16-19cm_N1of2_Z200x_obj00158_plane000,7290,0.8673436016315118,661.4478348960021,151.36938885208997,75.33803307109598,2.003986476860865,166.43918633001203,83.55992191308489,1.991854258829182
143,121_1,121_U1553D_4R_6W_16-19cm_N1of2_Z200x_obj00159_plane000,5647,0.8358069957931262,599.329039869384,129.68354647577166,71.1992983074959,2.4873242785773244,142.78580946689542,79.20598682550863,1.802714860196788
144,121_1,121_U1553D_4R_6W_16-19cm_N1of2_Z200x_obj00160_plane000,51149,0.9784296426955649,1334.3931444750624,567.4423362873697,117.22242721737648,1.0644349357010872,565.9758410173313,124.75571237527805,4.536672752224905
145,121_1,121_U1553D_4R_6W_16-19cm_N1of2_Z200x_obj00161_plane000,3882,0.8304810112745457,300.5929291125633,100.29391259105769,55.86841679881127,1.2913756362331894,93.39813882182777,64.74612199246788,1.4425286943470232
146,121_1,121_U1553D_4R_6W_16-19cm_N1of2_Z200x_obj00162_plane000,2583,0.6982082134818615,260.73506473629425,70.29541932947186,50.32412152667798,1.5052840058652914,63.66664222592551,55.60512664298373,1.144977919656604
147,121_1,121_U1553D_4R_6W_16-19cm_N1of2_Z200x_obj00163_plane000,8063,0.7403509598291916,501.7716446627535,141.27287892394398,94.96653115537825,1.5013746386984654,150.90303955884184,105.44248018553705,1.431140838998781
148,121_1,121_U1553D_4R_6W_16-19cm_N1of2_Z200x_obj00164_plane000,8457,0.9022519038220783,524.2508293825822,164.98927256220347,71.1449166957669,1.4222364647108647,185.28953233574092,73.25681973831139,2.529314444684245
149,121_1,121_U1553D_4R_6W_16-19cm_N1of2_Z200x_obj00165_plane000,9441,0.8568289183905163,473.1025971044414,161.4119375162027,83.22412718853832,1.1460986999378742,167.54079600086033,85.76776609985963,1.9534238049967647
150,121_1,121_U1553D_4R_6W_16-19cm_N1of2_Z200x_obj00166_plane000,1786,0.7821524222120754,193.44469683442247,61.31178293114678,38.202583691073755,1.337538212669167,62.071981115999755,39.89215875109049,1.555994537756194
151,121_1,121_U1553D_4R_6W_16-19cm_N1of2_Z200x_obj00167_plane000,8034,0.811845961313974,392.0315292925759,139.15806249841933,81.25045130655754,1.0539947698086982,138.50037407480784,87.54599425835283,1.5820298261287198
152,121_1,121_U1553D_4R_6W_16-19cm_N1of2_Z200x_obj00168_plane000,8529,0.7562580307206432,439.3868683519033,134.8921500125228,88.2563568606862,1.238283040789718,146.2388457284864,91.67878707749138,1.595121951219514
153,121_1,121_U1553D_4R_6W_16-19cm_N1of2_Z200x_obj00169_plane000,4271,0.7814090608873092,279.48023074035524,97.6032676126357,60.90630652847808,1.079861493248435,99.0,59.0,1.6779661016949152
154,121_1,121_U1553D_4R_6W_16-19cm_N1of2_Z200x_obj00170_plane000,4871,0.9217374643939261,453.6711395993652,145.13298005413253,56.28466666887052,1.7976604808956234,155.16248465261583,61.09796967456997,2.53956858925211
155,121_1,121_U1553D_4R_6W_16-19cm_N1of2_Z200x_obj00171_plane000,4540,0.8537462052393028,464.3107499061545,119.80096671550163,62.37908954034042,1.975337998179528,138.59290753337729,69.29645376668928,1.9999999999999816
156,121_1,121_U1553D_4R_6W_16-19cm_N1of2_Z200x_obj00172_plane000,9190,0.9006303008279182,637.1036431249679,180.51721551176476,78.4502691242556,1.6014736206423024,203.20581577682938,87.09063905501904,2.333268167299303
157,121_1,121_U1553D_4R_6W_16-19cm_N1of2_Z200x_obj00173_plane000,9232,0.9833960607622488,631.050865276332,273.5600435784345,49.64356427402488,1.4102861776178608,270.9538483746216,52.15520584489898,5.19514483713081
158,121_1,121_U1553D_4R_6W_16-19cm_N1of2_Z200x_obj00174_plane000,13313,0.9309277887575957,736.4062043356595,230.74795189981637,84.26991406691504,1.3480098452366804,210.94643683023597,102.6318178780187,2.0553707533559695
159,121_1,121_U1553D_4R_6W_16-19cm_N1of2_Z200x_obj00175_plane000,6028,0.7948631666145493,424.78888860545663,120.75873271886388,73.27503642147876,1.2880909687916837,130.31725504240737,76.58127787699563,1.7016855640842417
160,121_1,121_U1553D_4R_6W_16-19cm_N1of2_Z200x_obj00176_plane000,5041,0.9108938891033929,388.84271247461896,129.45911988927028,53.42009800888404,1.3671947432030782,126.572113832392,58.68985744368708,2.156626704262111
161,121_1,121_U1553D_4R_6W_16-19cm_N1of2_Z200x_obj00177_plane000,14369,0.8008644910721432,777.4600282048218,204.08021224637858,122.21253958752152,1.5058550408542697,205.60725035057294,135.0885608731006,1.522018215470636
162,121_1,121_U1553D_4R_6W_16-19cm_N1of2_Z200x_obj00178_plane000,13979,0.8936598699205117,581.5290039756343,205.92090485569418,92.40596770057809,1.1003544753207746,211.0473880435387,95.02604331436953,2.2209426035486084
163,121_1,121_U1553D_4R_6W_16-19cm_N1of2_Z200x_obj00179_plane000,12251,0.9386192107032464,816.8265145524424,243.75799831677543,84.08554923907029,1.6844003919136883,270.8079140655823,94.2125151051796,2.8744367323518554
164,121_1,121_U1553D_4R_6W_16-19cm_N1of2_Z200x_obj00180_plane000,5779,0.9354322827994901,460.14422766478395,153.56594303338352,54.28647188874817,1.739885969335347,168.6390290396976,59.195198430150604,2.848863311754736
165,121_1,121_U1553D_4R_6W_16-19cm_N1of2_Z200x_obj00181_plane000,3447,0.846220884687395,294.73506473629425,93.77246841739581,49.96499601058782,1.3271376836281612,96.40001029968313,55.000012207032015,1.752727070983412
166,121_1,121_U1553D_4R_6W_16-19cm_N1of2_Z200x_obj00182_plane000,3683,0.8367173758895503,277.8416664540925,95.03503281729239,52.044504961238026,1.1897008261829136,85.89785102794438,65.30460284940224,1.3153414503726768
167,121_1,121_U1553D_4R_6W_16-19cm_N1of2_Z200x_obj00183_plane000,6014,0.9262462072182212,560.1503243191939,168.26314745067853,63.42158420522829,2.1289368691996247,163.5723940092942,73.31034206522104,2.231232175451738
168,121_1,121_U1553D_4R_6W_16-19cm_N1of2_Z200x_obj00184_plane000,5567,0.7671924158685332,337.8244225113894,108.15168582124754,69.3703323215135,1.1931479146347173,109.60154029432178,71.41778220244305,1.5346533722321687
169,121_1,121_U1553D_4R_6W_16-19cm_N1of2_Z200x_obj00185_plane000,3368,0.8794041953883058,313.1553749530772,101.41017563396156,48.27894048207309,1.5034998710057097,100.38706358522623,54.93859647179104,1.8272593410130402
170,121_1,121_U1553D_4R_6W_16-19cm_N1of2_Z200x_obj00186_plane000,9321,0.7903899837797138,600.4945160902281,152.6957276486679,93.54201512634418,1.5337445375215828,147.2387052493082,106.38113081792014,1.3840678710336243
171,121_1,121_U1553D_4R_6W_16-19cm_N1of2_Z200x_obj00187_plane000,5850,0.9402328047913399,428.2569260369921,159.2240315250889,54.22093162060428,1.4122817885533516,151.85617072100496,67.44449257785895,2.251572588313269
172,121_1,121_U1553D_4R_6W_16-19cm_N1of2_Z200x_obj00188_plane000,12999,0.9613735788540727,633.3767670841366,254.75601739429274,70.12079752900854,1.1755674956188165,258.0397341976208,72.9999343625757,3.534794057704085
173,121_1,121_U1553D_4R_6W_16-19cm_N1of2_Z200x_obj00189_plane000,7622,0.5883532443311194,409.3929650063132,112.8877647431326,91.28150029110307,1.232711645739888,107.48023074035522,101.8233549116764,1.0555557792569858
174,121_1,121_U1553D_4R_6W_16-19cm_N1of2_Z200x_obj00190_plane000,4783,0.8884440290510373,371.10259710444143,126.3861091146359,58.009325127896375,1.4871520707845258,140.1115872627015,63.452096683841425,2.208147477944287
175,121_1,121_U1553D_4R_6W_16-19cm_N1of2_Z200x_obj00191_plane000,1950,0.37735595645013453,190.65180361560903,52.31021148263728,48.44282822119757,1.2451730368708254,52.65286382853691,49.110250575905845,1.0721359229710206
176,121_1,121_U1553D_4R_6W_16-19cm_N1of2_Z200x_obj00192_plane000,3203,0.748167655416514,267.9655121145938,84.94468165631903,56.36162263606062,1.2996440848566309,79.0,69.0,1.144927536231884
177,121_1,121_U1553D_4R_6W_16-19cm_N1of2_Z200x_obj00193_plane000,16997,0.9135400632766075,692.4894654563446,236.92772958731322,96.37005993588278,1.1445605934331207,227.2238404529222,92.98089116336189,2.4437692262349198
178,121_1,121_U1553D_4R_6W_16-19cm_N1of2_Z200x_obj00194_plane000,4745,0.8857530778250192,353.01933598375615,116.78848784003087,54.20816451957876,1.3052164660052197,118.26744136790956,59.47712025986576,1.9884527167956145
179,121_1,121_U1553D_4R_6W_16-19cm_N1of2_Z200x_obj00195_plane000,11530,0.8673003184827889,499.28636328851496,180.17687443398813,89.68939092630733,1.0916644526575088,184.8195443627141,102.42692917379242,1.8044038404111717
180,121_1,121_U1553D_4R_6W_16-19cm_N1of2_Z200x_obj00196_plane000,5044,0.955400123932047,378.6761902332485,151.72556853177113,44.80674737890622,1.2536206282685765,154.08580765761252,47.90488317677147,3.216494800520189
181,121_1,121_U1553D_4R_6W_16-19cm_N1of2_Z200x_obj00197_plane000,9858,0.9223466670411293,605.4945160902281,203.7529117939602,78.7226542967125,1.4128065054606365,206.1300771232149,86.62402519621162,2.379594767806169
182,121_1,121_U1553D_4R_6W_16-19cm_N1of2_Z200x_obj00198_plane000,4860,0.8932863540803408,453.3279938488576,129.5204511764434,58.21789251613076,1.680610217085187,138.02702525039822,65.56283637997986,2.105263177609349
183,121_1,121_U1553D_4R_6W_16-19cm_N1of2_Z200x_obj00199_plane000,10087,0.9470064519919725,722.3584771209071,214.71678528762868,68.97015314176521,1.670771354754105,216.5807713760618,77.48447050203914,2.795150692426324
184,121_1,121_U1553D_4R_6W_16-19cm_N1of2_Z200x_obj00200_plane000,3175,0.7762318723679531,293.56349186104046,84.65291796947777,53.36922251996681,1.4849051177272172,85.22341265123984,57.26091151709261,1.4883348936176175
185,121_1,121_U1553D_4R_6W_16-19cm_N1of2_Z200x_obj00201_plane000,4316,0.9233637719385211,363.6711395993652,122.70900370046283,47.1112043131259,1.4856215016164944,123.61071349304791,51.551498563430656,2.39781028559147
186,121_1,121_U1553D_4R_6W_16-19cm_N1of2_Z200x_obj00202_plane000,7138,0.8599765323887775,528.3574311003804,150.35579200345452,76.7316097342763,1.5753196330292478,159.40444792174202,91.88986398282813,1.7347337455144196
187,121_1,121_U1553D_4R_6W_16-19cm_N1of2_Z200x_obj00203_plane000,10353,0.8235470937171963,541.8132752230962,167.60402550992322,95.07303214846948,1.2746202036623067,174.5933708370508,105.52707382345736,1.6544888862278
188,121_1,121_U1553D_4R_6W_16-19cm_N1of2_Z200x_obj00204_plane000,19794,0.9104139047612658,779.2346314604056,282.5808268972203,116.90328918712908,1.1077938061911532,298.8389619254411,130.8342452115348,2.284103534531603
189,121_1,121_U1553D_4R_6W_16-19cm_N1of2_Z200x_obj00205_plane000,4968,0.9205436030352,475.7716446627535,134.87665538601223,52.6881934078804,1.755535936793107,154.44194344704826,57.686723394655694,2.677252829744813
190,121_1,121_U1553D_4R_6W_16-19cm_N1of2_Z200x_obj00206_plane000,4531,0.974152801303515,406.14927829866735,168.09343451738494,37.970636196897566,1.4948529381123934,167.55157068614233,39.47412880955076,4.244591983132082
191,121_1,121_U1553D_4R_6W_16-19cm_N1of2_Z200x_obj00207_plane000,7995,0.9137798069253236,575.5706345359769,183.15822359300512,74.40067954109165,1.8559317551587164,181.43329059054972,80.50195948836571,2.2537748365835837
192,121_1,121_U1553D_4R_6W_16-19cm_N1of2_Z200x_obj00208_plane000,4171,0.9461079150889645,377.26197667087547,133.32900335643092,43.178801632097766,1.4298858759918232,135.5285412149768,45.2481424986792,2.9952288366076663
193,121_1,121_U1553D_4R_6W_16-19cm_N1of2_Z200x_obj00209_plane000,3844,0.8474129704496389,367.28636328851496,102.37966648374604,54.356879123143095,1.5625628089886212,108.7809674340365,58.88143135712744,1.8474579324381328
194,121_1,121_U1553D_4R_6W_16-19cm_N1of2_Z200x_obj00210_plane000,5932,0.9318272988632748,369.6467529817256,145.73520036916412,52.88760040079412,1.1110731833265772,146.68605250004845,54.11283823155699,2.710744017387458
195,121_1,121_U1553D_4R_6W_16-19cm_N1of2_Z200x_obj00211_plane000,4486,0.9649449179382702,396.35743110038044,152.51688768588883,40.02843573086957,1.8633640520824415,157.21983863073402,42.76991227143156,3.6759448472320115
196,121_1,121_U1553D_4R_6W_16-19cm_N1of2_Z200x_obj00212_plane000,2284,0.6693569552484411,244.4863273947651,66.06479169440955,49.08223960424133,1.4427730637470029,81.19853407139613,49.1905014263585,1.6506953927468255
197,121_1,121_U1553D_4R_6W_16-19cm_N1of2_Z200x_obj00213_plane000,13624,0.9694580232282773,797.993036793813,274.1697164477774,67.24212327708392,1.456264340599829,305.62652933949823,73.4752675574966,4.159583755177704
198,121_1,121_U1553D_4R_6W_16-19cm_N1of2_Z200x_obj00214_plane000,7633,0.8344501428423454,380.71782079359116,134.88759424073524,74.33431960271055,1.0956531828657377,131.52203525266674,80.93664498126242,1.6249998413341116
199,121_1,121_U1553D_4R_6W_16-19cm_N1of2_Z200x_obj00216_plane000,5827,0.9581231968061928,420.9604614807105,166.59170411408635,47.704586674646194,1.337434070769693,168.01264785578948,53.25642532567055,3.1547864286490963
200,121_1,121_U1553D_4R_6W_16-19cm_N1of2_Z200x_obj00217_plane000,6998,0.8386688244569162,387.19700551341987,130.44723184930768,71.04700469005392,1.1516585849772023,130.0,77.0,1.6883116883116882
201,121_1,121_U1553D_4R_6W_16-19cm_N1of2_Z200x_obj00218_plane000,4942,0.9773996969594738,419.48737341529164,181.74354167285304,38.420529852767835,1.8827034057467327,171.4686711917219,42.178048315241824,4.065353377902944
202,121_1,121_U1553D_4R_6W_16-19cm_N1of2_Z200x_obj00219_plane000,4616,0.9025771980905231,431.5117600329312,120.02989162513363,51.676235134326646,1.7826201507486144,116.44751538786736,49.50309651857246,2.352327906279132
203,121_1,121_U1553D_4R_6W_16-19cm_N1of2_Z200x_obj00221_plane000,14551,0.964869971282046,680.9676041556469,277.35912549383073,72.86997482264546,1.1454135390921387,266.0600301025246,76.76459870809438,3.46592093986248
204,121_1,121_U1553D_4R_6W_16-19cm_N1of2_Z200x_obj00222_plane000,7741,0.8395032019684372,570.8965363437813,148.06459803054773,80.45160122117524,1.8844373073522527,164.5759142179623,80.30005826178729,2.0495117659992994
205,121_1,121_U1553D_4R_6W_16-19cm_N1of2_Z200x_obj00223_plane000,5215,0.848173021049297,327.0609665440988,117.37331119594877,62.17490709005838,1.2200761961071218,123.7436570362645,62.22538595482296,1.9886362316194421
206,121_1,121_U1553D_4R_6W_16-19cm_N1of2_Z200x_obj00224_plane000,22280,0.9003003847087584,963.8164132846758,270.71124448853163,117.8322484177643,1.441977508002406,291.25917970705063,126.44567256885969,2.30343335433988
207,121_1,121_U1553D_4R_6W_16-19cm_N1of2_Z200x_obj00225_plane000,5626,0.9350621791468563,449.0498192558055,147.14158051574742,52.15929760568326,1.4832250865902552,149.36927425517987,58.16491376457927,2.5680305288467804
208,121_1,121_U1553D_4R_6W_16-19cm_N1of2_Z200x_obj00226_plane000,8082,0.8220185561977839,543.256926036992,141.9808784597972,80.85253098559156,1.4967680356924997,135.0,104.0,1.2980769230769231
209,121_1,121_U1553D_4R_6W_16-19cm_N1of2_Z200x_obj00227_plane000,2630,0.864084109011191,350.81832585697947,90.67834631768075,45.64271413096063,2.2652430760394617,104.94360792469655,50.62853018797932,2.072815614734421
210,121_1,121_U1553D_4R_6W_16-19cm_N1of2_Z200x_obj00228_plane000,8362,0.935219230007368,518.9259735953042,190.81295621581856,67.56098898819542,1.5090979394656174,190.9376434905853,74.246841066122,2.5716601642424353
211,121_1,121_U1553D_4R_6W_16-19cm_N1of2_Z200x_obj00229_plane000,1932,0.5588924944529958,176.50966799187808,55.555065027271176,46.06848889120235,1.1466050246291741,54.0,49.0,1.1020408163265305
212,121_1,121_U1553D_4R_6W_16-19cm_N1of2_Z200x_obj00230_plane000,2063,0.9248893601381954,345.0193359837562,101.9531913239593,38.76630795120107,2.7151683064045162,114.96190589604898,45.227955481599146,2.5418329144420615
213,121_1,121_U1553D_4R_6W_16-19cm_N1of2_Z200x_obj00231_plane000,3587,0.9097729731554983,333.6467529817257,115.28361915069179,47.854942295871496,1.6843763127387446,112.73256145634068,54.00317154876931,2.087517422093143
214,121_1,121_U1553D_4R_6W_16-19cm_N1of2_Z200x_obj00232_plane000,3615,0.8721585905388548,395.0437226013957,103.19950976375165,50.48760005112354,1.915592011642436,111.84614966184603,51.20913458605773,2.1841054445840493
215,121_1,121_U1553D_4R_6W_16-19cm_N1of2_Z200x_obj00233_plane000,3817,0.6813873516606294,571.7848839920999,87.08274469747778,63.737863691763145,2.95040177642898,84.0,69.0,1.2173913043478262
216,121_1,121_U1553D_4R_6W_16-19cm_N1of2_Z200x_obj00234_plane000,5002,0.8372460690712412,427.5290039756343,116.43820362169747,63.67147392327947,1.5232495627677305,114.32696474050763,71.50965967601141,1.5987625344392415
217,121_1,121_U1553D_4R_6W_16-19cm_N1of2_Z200x_obj00235_plane000,2095,0.812290481391407,246.35028842544403,73.77362724859564,43.02869648623809,1.7445272993739416,81.84845838448106,48.904915041763076,1.6736243854955144
218,121_1,121_U1553D_4R_6W_16-19cm_N1of2_Z200x_obj00236_plane000,4019,0.7384191391347588,425.3929650063132,97.8179239038192,65.96273748701526,2.0879195254867318,95.4594100653873,70.00356864006996,1.3636363391158097
219,121_1,121_U1553D_4R_6W_16-19cm_N1of2_Z200x_obj00237_plane000,6359,0.8920138509362896,473.57063453597686,149.80798937276043,67.7144192177524,1.588275675538832,166.41720027819667,72.46115246734784,2.296640263252602
220,121_1,121_U1553D_4R_6W_16-19cm_N1of2_Z200x_obj00238_plane000,8320,0.8986655876938232,615.619407771256,173.58107804903213,76.13863689512097,1.7212227483476088,195.2483165154467,85.90924410749919,2.27272767376617
221,121_1,121_U1553D_4R_6W_16-19cm_N1of2_Z200x_obj00239_plane000,2491,0.8925750591323974,314.43354954612926,93.37269695492945,42.10164073444546,2.0827474165939743,103.03180687604547,47.59390238614421,2.1648110726478405
222,121_1,121_U1553D_4R_6W_16-19cm_N1of2_Z200x_obj00240_plane000,2127,0.8870000178688359,356.8305191657992,88.35479877229204,40.79954141399597,2.860871192821302,96.04136907708991,45.23017990756521,2.1233912682497644
223,121_1,121_U1553D_4R_6W_16-19cm_N1of2_Z200x_obj00242_plane000,13154,0.9449508626081913,806.6082604829626,245.40625104875755,80.29993558442041,1.57456359846317,278.19994659423844,94.59997253418284,2.94080367194307
224,121_1,121_U1553D_4R_6W_16-19cm_N1of2_Z200x_obj00244_plane000,3335,0.7195196682256478,321.611219075793,82.77806317278043,57.48705234738261,1.6393365533315045,80.72908666899939,62.9814275481841,1.2817919474314454
225,121_1,121_U1553D_4R_6W_16-19cm_N1of2_Z200x_obj00245_plane000,2117,0.3781349660476756,206.2497833620557,55.570123033703084,51.4440679590154,1.3296769737519434,57.484795260604336,53.41046766090692,1.0762833163260161
226,121_1,121_U1553D_4R_6W_16-19cm_N1of2_Z200x_obj00246_plane000,4717,0.9168995579542669,345.5462479183374,127.15024617638355,50.747955569170635,1.3458350177888916,130.60876030196872,55.008826691193995,2.374323688726795
227,121_1,121_U1553D_4R_6W_16-19cm_N1of2_Z200x_obj00247_plane000,2815,0.562212767186192,347.4041122946064,71.95933334032702,59.509838085852124,1.994945743890742,76.82306727079975,61.31859770824848,1.2528510132655175
228,121_1,121_U1553D_4R_6W_16-19cm_N1of2_Z200x_obj00248_plane000,17212,0.9634869233344436,961.7199128346442,332.38236273651574,88.99716897090022,1.3176682037684984,327.804099614509,94.60567823813282,3.464951636300205
229,121_1,121_U1553D_4R_6W_16-19cm_N1of2_Z200x_obj00249_plane000,6345,0.9180334230125831,394.74220741123065,147.4754585551762,58.47446271478796,1.2550062596601455,143.54267658086914,58.68986283848344,2.4457831325301203
230,121_1,121_U1553D_4R_6W_16-19cm_N1of2_Z200x_obj00250_plane000,5442,0.9489474315531445,384.3158005400378,151.70522663542093,47.8530258458328,1.2540864918793007,150.04640731095125,47.981565915477944,3.1271677872136543
231,121_1,121_U1553D_4R_6W_16-19cm_N1of2_Z200x_obj00251_plane000,25706,0.9549306980459314,811.0752518939717,337.06824441960674,100.05157694224201,1.039220426237152,334.4842183238132,107.33447104147525,3.1162795612470546
232,121_1,121_U1553D_4R_6W_16-19cm_N1of2_Z200x_obj00252_plane000,1299,0.6675002475289615,159.095454429505,48.4636763832383,36.08651748660697,1.424860618713233,47.80146891829824,36.81262170644724,1.2985075961032804
233,121_1,121_U1553D_4R_6W_16-19cm_N1of2_Z200x_obj00253_plane000,2764,0.5733074038005308,262.24978336205567,69.85997700616679,57.23909850615358,1.4249481628889968,72.96562852104655,60.701249799580204,1.2020449127812054
234,121_1,121_U1553D_4R_6W_16-19cm_N1of2_Z200x_obj00254_plane000,2864,0.6552514957193225,252.77059864222704,72.74284468173839,54.95073052424224,1.3533822568725156,68.73355688149879,61.44239528897681,1.1186666235622826
235,121_1,121_U1553D_4R_6W_16-19cm_N1of2_Z200x_obj00255_plane000,9391,0.8806813236025933,505.5533905932738,168.20851931576004,79.68192313475497,1.1907261961810574,160.51323932934628,87.68124086713189,1.8306451612903225
236,121_1,121_U1553D_4R_6W_16-19cm_N1of2_Z200x_obj00256_plane000,4086,0.572550316996641,336.3746750430836,82.21979399063018,67.4095082825622,1.3636679525572222,79.87965230669387,72.32822646101407,1.1044049635276225
237,121_1,121_U1553D_4R_6W_16-19cm_N1of2_Z200x_obj00257_plane000,10246,0.9868022928785003,689.6021638285529,294.02688065314936,47.611690956388294,1.5613475774171774,300.7776873791559,49.74004905889895,6.046992173710855
238,121_1,121_U1553D_4R_6W_16-19cm_N1of2_Z200x_obj00258_plane000,12133,0.9732371095871142,690.9503602129438,262.0697271111326,60.22447205850549,1.2916919731992085,283.81816977362917,63.144114679498664,4.494768375710206
239,121_1,121_U1553D_4R_6W_16-19cm_N1of2_Z200x_obj00259_plane000,6624,0.960170881946818,491.683332908185,185.06547418277523,51.70978308774127,1.5109129240726014,194.75709475942483,55.77735529917462,3.4916875085740537
240,121_1,121_U1553D_4R_6W_16-19cm_N1of2_Z200x_obj00260_plane000,1673,0.7737398489008463,223.27922061357856,61.62627017352451,39.04045598450786,1.8056356193817305,62.0,42.0,1.4761904761904763
241,121_1,121_U1553D_4R_6W_16-19cm_N1of2_Z200x_obj00261_plane000,2400,0.38425098770852806,213.86500705120548,59.34950222831826,54.79316205032402,1.2354091240110892,59.03219290001027,54.560064621940654,1.0819670634383964
242,121_1,121_U1553D_4R_6W_16-19cm_N1of2_Z200x_obj00262_plane000,3280,0.7938349230592526,364.3158005400378,91.62668716232302,55.72123996074644,1.8080415206844727,103.03927502854424,63.00888275700487,1.6353134751796417
243,121_1,121_U1553D_4R_6W_16-19cm_N1of2_Z200x_obj00263_plane000,5120,0.9551582791947573,424.75945135393374,166.9364705757732,49.42917058273354,2.869189225667163,151.39998108841502,54.21900748687259,2.7923783209250317
244,121_1,121_U1553D_4R_6W_16-19cm_N1of2_Z200x_obj00264_plane000,5363,0.9073795231626374,378.63455967290594,135.55157047904743,56.97398774711538,1.2243448381404376,127.0,64.0,1.984375
245,121_1,121_U1553D_4R_6W_16-19cm_N1of2_Z200x_obj00266_plane000,4011,0.9687946637970334,345.34523779156063,148.18523395331965,36.72988553683976,1.650029008008849,141.89786566275976,37.59073037168084,3.7748100199101
246,121_1,121_U1553D_4R_6W_16-19cm_N1of2_Z200x_obj00267_plane000,3334,0.9311680881856262,425.60007178749976,127.92723657395825,46.64101283961973,2.590631887981638,135.5948089182381,52.80781925222623,2.567703246191553
247,121_1,121_U1553D_4R_6W_16-19cm_N1of2_Z200x_obj00268_plane000,8500,0.9677896611204942,596.9676041556469,213.40919287421147,53.72792985851443,1.3676471142793372,213.51190185515264,60.98683614693378,3.50095062056908
248,121_1,121_U1553D_4R_6W_16-19cm_N1of2_Z200x_obj00270_plane000,2799,0.8765222847677008,278.1848122046001,89.07064995403421,42.87516229642254,1.5591011279256632,95.7927116366557,46.66532988711133,2.0527597655130485
249,121_1,121_U1553D_4R_6W_16-19cm_N1of2_Z200x_obj00271_plane000,2853,0.8662407968898038,257.0782104868019,87.28684779099329,43.61084342338356,1.2987609817887873,90.3068213382235,46.305382507881184,1.9502445816715426
250,121_1,121_U1553D_4R_6W_16-19cm_N1of2_Z200x_obj00272_plane000,2542,0.951678398165578,379.7300141024109,123.60228476513534,37.95782223184019,2.873648229688642,129.24153270375632,48.52823002323101,2.6632237079713588
251,121_1,121_U1553D_4R_6W_16-19cm_N1of2_Z200x_obj00273_plane000,3768,0.8985922859517584,314.81832585697947,110.00404078260668,48.26807632946638,1.511181869969399,116.48147738795497,53.46450731607659,2.1786692375060825
252,121_1,121_U1553D_4R_6W_16-19cm_N1of2_Z200x_obj00274_plane000,8805,0.9240532210645033,534.0386719675123,184.09548069884585,70.37304568410204,1.405556273586988,207.14030496034871,72.6096753110534,2.8527920566092337
253,121_1,121_U1553D_4R_6W_16-19cm_N1of2_Z200x_obj00275_plane000,4735,0.9547050275853476,349.0609665440988,145.89113027725728,43.410471577453,1.1955554750832886,142.53464918074633,45.85198459259177,3.1085818955756914
254,121_1,121_U1553D_4R_6W_16-19cm_N1of2_Z200x_obj00276_plane000,6726,0.952196500528842,586.4772721475249,185.5910767758664,56.69551461776743,2.0137416740755256,189.4458605012477,63.51542748141276,2.9826747297998963
255,121_1,121_U1553D_4R_6W_16-19cm_N1of2_Z200x_obj00277_plane000,5522,0.9347538954288631,382.21529547664954,148.6032354371727,52.79811576540794,1.3825798459576124,145.63353888854587,55.37538245981037,2.629932876657636
256,121_1,121_U1553D_4R_6W_16-19cm_N1of2_Z200x_obj00278_plane000,2894,0.8640297456287559,385.88939366884495,94.95285543789883,47.80313769067408,2.277226823699237,99.99996948242188,48.99999237060547,2.040816021481887
257,121_1,121_U1553D_4R_6W_16-19cm_N1of2_Z200x_obj00279_plane000,2816,0.7066518871025816,287.76450198781714,76.98764246520305,54.47348276252462,1.5447600597773918,88.18181595468015,54.68358542918428,1.612582921594934
258,121_1,121_U1553D_4R_6W_16-19cm_N1of2_Z200x_obj00280_plane000,4887,0.7644085025095062,432.3990616607231,109.386819676945,70.52520757980884,1.6483277430130567,106.31500423657619,78.20487034017988,1.3594422415652796
259,121_1,121_U1553D_4R_6W_16-19cm_N1of2_Z200x_obj00281_plane000,4713,0.9000340562298301,495.83156518632575,127.34863865800268,55.501028944617474,2.083112458484456,135.36987401120274,64.51834246502672,2.098161063027655
260,121_1,121_U1553D_4R_6W_16-19cm_N1of2_Z200x_obj00282_plane000,2260,0.9406356243975477,259.8355697996826,95.89226096820305,32.547565562602465,2.3951227900062797,99.70907513660961,34.71277234383932,2.872403107103186
261,121_1,121_U1553D_4R_6W_16-19cm_N1of2_Z200x_obj00283_plane000,2240,0.7513661234360381,207.03048327204942,66.8682490482008,44.125391779705346,1.1855554347142219,63.816633685136466,44.995130384747135,1.4183008947734845
262,121_1,121_U1553D_4R_6W_16-19cm_N1of2_Z200x_obj00284_plane000,11289,0.974692488601254,731.3656197958433,260.3830952550408,58.20861192082768,1.322918080121062,272.35855687039856,67.21526578788547,4.052034216897898
263,121_1,121_U1553D_4R_6W_16-19cm_N1of2_Z200x_obj00285_plane000,5094,0.9045315163679682,329.22034611053283,125.62581461860877,53.56769819297521,1.1736506212686586,132.80168132219973,57.06321132609846,2.32727318067116
264,121_1,121_U1553D_4R_6W_16-19cm_N1of2_Z200x_obj00286_plane000,5444,0.9196574470145557,373.30360723121805,138.65456099922284,54.45262781092144,1.2865150822626303,144.17856120631726,60.49750147880049,2.3832151358654086
265,121_1,121_U1553D_4R_6W_16-19cm_N1of2_Z200x_obj00287_plane000,4173,0.8408381859994507,304.5168106668145,102.6580456879014,55.56742087408774,1.2464429763883271,98.40839027429655,57.489120313705676,1.7117741537407998
266,121_1,121_U1553D_4R_6W_16-19cm_N1of2_Z200x_obj00289_plane000,8665,0.979422206874986,654.7615433949869,257.7952648540944,52.028769352978365,1.980567295110077,250.65889498028054,56.847258859543814,4.409340045746086
267,121_1,121_U1553D_4R_6W_16-19cm_N1of2_Z200x_obj00290_plane000,6233,0.9649313524707295,492.18080759124325,176.73483827735456,46.39331080000896,1.3151131395982643,167.8508452119659,45.03688241802527,3.7269641280673182
268,121_1,121_U1553D_4R_6W_16-19cm_N1of2_Z200x_obj00291_plane000,1926,0.680152451695503,249.22034611053283,65.2571920333771,47.838135054666985,2.044473984409276,62.34225512019053,60.10849762379632,1.0371620916292856
269,121_1,121_U1553D_4R_6W_16-19cm_N1of2_Z200x_obj00292_plane000,2259,0.945961016122886,384.01933598375615,117.8398451977503,38.213148166932555,3.622823924375058,122.51499249057231,46.805513784538725,2.617533332815219
270,121_1,121_U1553D_4R_6W_16-19cm_N1of2_Z200x_obj00293_plane000,10612,0.9216211254308199,494.83556979968256,195.28666595910147,75.7889665015054,1.0544199821908908,180.0,81.0,2.2222222222222223
271,121_1,121_U1553D_4R_6W_16-19cm_N1of2_Z200x_obj00294_plane000,2270,0.48838850355204133,262.53405460951757,62.2874289867537,54.35364905534879,1.818294568980737,67.14972930809583,56.12768108859445,1.1963745518384001
272,121_1,121_U1553D_4R_6W_16-19cm_N1of2_Z200x_obj00295_plane000,2890,0.9258403852374633,334.2741699796952,107.3896840375809,40.58414883450922,2.200024311300734,111.72286603267803,45.254828601142755,2.4687501750886502
273,121_1,121_U1553D_4R_6W_16-19cm_N1of2_Z200x_obj00296_plane000,6485,0.9348804806729916,530.5828278447966,166.08045746910918,58.95236022323018,1.599476169857041,171.06313599006046,72.71565718845834,2.3524938452624222
274,121_1,121_U1553D_4R_6W_16-19cm_N1of2_Z200x_obj00297_plane000,3921,0.5844554358809618,315.1198410471445,84.24612774891494,68.35948236159464,1.4609274669915358,77.1690268093965,73.21553885868965,1.0539979355794582
275,121_1,121_U1553D_4R_6W_16-19cm_N1of2_Z200x_obj00298_plane000,3241,0.919973844216507,276.1076477383247,108.1484995179348,42.39202201738704,1.3873906073175681,107.33126291998991,46.95742752749558,2.285714285714286
276,121_1,121_U1553D_4R_6W_16-19cm_N1of2_Z200x_obj00299_plane000,7008,0.9672899171011718,691.1808075912433,226.11117731981696,57.358401114865174,3.8205425768486667,204.27648619903908,69.71340515006919,2.9302325106527425
277,121_1,121_U1553D_4R_6W_16-19cm_N1of2_Z200x_obj00300_plane000,1649,0.35536319967859054,183.92388155425118,49.421547782893306,46.19571938195009,1.4006449414660553,49.856773921036485,45.89344929733565,1.0863592666139157
278,121_1,121_U1553D_4R_6W_16-19cm_N1of2_Z200x_obj00301_plane000,3271,0.8771022940742649,318.2914139223983,98.24129545354475,47.18564967052499,1.432559270143535,93.8878424089781,51.45077907189162,1.8248089553277635
279,121_1,121_U1553D_4R_6W_16-19cm_N1of2_Z200x_obj00302_plane000,6741,0.8557286971174715,539.653895656662,142.0751646685886,73.51320999446344,1.7753786997164815,139.96987976900172,82.69254190110932,1.6926542170682024
280,121_1,121_U1553D_4R_6W_16-19cm_N1of2_Z200x_obj00303_plane000,9119,0.9712121950629662,551.6295090390225,229.84723291037665,54.75329302050594,1.231963468720956,229.89758830686787,57.237223236421734,4.016574797090738
281,121_1,121_U1553D_4R_6W_16-19cm_N1of2_Z200x_obj00304_plane000,4807,0.929979637575543,363.3208511739212,134.55331272900628,49.46328267231492,1.3377155879918672,136.28676298467076,51.78568601824673,2.6317458252199266
282,121_1,121_U1553D_4R_6W_16-19cm_N1of2_Z200x_obj00305_plane000,1950,0.9363794965707578,365.3330444827409,98.80575289573171,34.67975496318494,3.5816965145366755,107.90889127524613,42.82122156280259,2.5199862903720405
283,121_1,121_U1553D_4R_6W_16-19cm_N1of2_Z200x_obj00306_plane000,6958,0.9434935643115755,426.5756851698602,172.6656374861747,57.219812017750456,1.2357493575432255,165.05656569487311,60.17004315067306,2.743168478067259
284,121_1,121_U1553D_4R_6W_16-19cm_N1of2_Z200x_obj00307_plane000,2074,0.8880051132048468,333.5107140124046,95.45870450645782,43.895117588997245,3.009252433376248,104.06456147282063,49.81288813646533,2.0891091716611503
285,121_1,121_U1553D_4R_6W_16-19cm_N1of2_Z200x_obj00308_plane000,4334,0.9074036404585076,469.866053071732,131.44164449062615,55.23969142329901,1.9598975012847633,159.19925827947102,58.61550775038354,2.715992139101266
286,121_1,121_U1553D_4R_6W_16-19cm_N1of2_Z200x_obj00309_plane000,3236,0.8711645865004515,248.73506473629425,93.95388530764387,46.13052177855952,1.2607172931136787,91.71787036704355,50.03081982651301,1.833227412324736
287,121_1,121_U1553D_4R_6W_16-19cm_N1of2_Z200x_obj00310_plane000,3557,0.8164989801345452,368.58787847868,97.92399448167116,56.53611231743721,1.8797518787277907,108.33777742407571,67.33601900696021,1.6089127189547296
288,121_1,121_U1553D_4R_6W_16-19cm_N1of2_Z200x_obj00311_plane000,8139,0.9727108564531781,573.8721497261419,220.85436287754106,51.242776500466185,1.3496651059680012,223.1434335176119,56.36457439411815,3.958930514711697
289,121_1,121_U1553D_4R_6W_16-19cm_N1of2_Z200x_obj00312_plane000,1815,0.7902339101998452,195.7645019878171,63.859141806679446,39.1332221918879,1.65702525144208,60.99999885559112,41.00000114440918,1.4878048086081375
290,121_1,121_U1553D_4R_6W_16-19cm_N1of2_Z200x_obj00313_plane000,4396,0.9605935539875761,336.63455967290594,145.87332639991294,40.54649386741606,1.3113383601336186,135.1406710529267,42.9757755084202,3.144577833771696
291,121_1,121_U1553D_4R_6W_16-19cm_N1of2_Z200x_obj00314_plane000,6510,0.9221108161093297,429.9726547895302,163.02248849642092,63.07762112746928,1.4329268566739928,152.68064191146732,66.11445124249296,2.3093384130417873
292,121_1,121_U1553D_4R_6W_16-19cm_N1of2_Z200x_obj00315_plane000,1994,0.39470028337772284,265.7411613907042,55.61418105638394,51.0988617681638,2.2428200221034578,54.50814736944604,52.13027214592455,1.0456140957189957
293,121_1,121_U1553D_4R_6W_16-19cm_N1of2_Z200x_obj00316_plane000,3242,0.9173737002924205,410.02038200428274,117.62318623557111,46.81720413732821,2.5619607883817914,133.85394422970012,55.794126572362174,2.3990687273524802
294,121_1,121_U1553D_4R_6W_16-19cm_N1of2_Z200x_obj00317_plane000,4621,0.8003441762153425,412.8599564173221,106.63378762791832,63.93130889673343,1.6137388805486006,112.35783298912735,69.66514745254447,1.6128270318478102
295,121_1,121_U1553D_4R_6W_16-19cm_N1of2_Z200x_obj00318_plane000,5318,0.933286001211856,386.6000717874997,146.24186512114917,52.52042802159973,1.2998396506504912,135.0573817196393,62.932503525602726,2.146067201421506
296,121_1,121_U1553D_4R_6W_16-19cm_N1of2_Z200x_obj00319_plane000,7371,0.8891139761588878,770.8031739553296,175.81792579300733,80.46937683268975,2.890486095079254,206.92798303506333,90.77867272331069,2.2794779525557782
297,121_1,121_U1553D_4R_6W_16-19cm_N1of2_Z200x_obj00320_plane000,8452,0.9311157344909182,656.7899346259833,195.13376984195395,71.16994039687582,1.6924695942256496,190.721483600106,83.40101799908228,2.286800427330571
298,121_1,121_U1553D_4R_6W_16-19cm_N1of2_Z200x_obj00321_plane000,4151,0.85588745040198,323.6051224213831,104.26584121299581,53.92234488463182,1.306758325214951,104.20076263353681,56.34891644496389,1.8492061464093976
299,121_1,121_U1553D_4R_6W_16-19cm_N1of2_Z200x_obj00322_plane000,2484,0.8437401199315453,245.96551211459382,82.21164754685725,44.12725862517339,1.4296860086333743,82.0,50.0,1.64
300,121_1,121_U1553D_4R_6W_16-19cm_N1of2_Z200x_obj00323_plane000,2350,0.8363326949595439,335.29751057680824,85.99518559668853,47.14447319162799,2.4169432194660114,103.4496111619461,46.50514711143575,2.2244765921083935
301,121_1,121_U1553D_4R_6W_16-19cm_N1of2_Z200x_obj00324_plane000,8115,0.960418653596816,524.8183258569795,206.83480816730642,57.616028988260936,1.2616348110946496,210.19231054104372,67.41325035089906,3.1179673053435626
302,121_1,121_U1553D_4R_6W_16-19cm_N1of2_Z200x_obj00325_plane000,5313,0.9594184197002914,476.72496346852756,159.73597526171156,45.04336302845459,1.5916199285030845,165.26652854886257,54.10724067699079,3.054425368602145
303,121_1,121_U1553D_4R_6W_16-19cm_N1of2_Z200x_obj00326_plane000,1649,0.6258581430235133,261.2497833620557,61.2291290948192,47.75485779651696,2.252153304845308,59.60328139670119,56.93588128664367,1.046849193334314
304,121_1,121_U1553D_4R_6W_16-19cm_N1of2_Z200x_obj00327_plane000,2528,0.5885500570135332,196.83556979968262,63.84795856088009,51.618570284418006,1.1817091441841798,55.997084595342166,51.44767916959619,1.0884278066411694
305,121_1,121_U1553D_4R_6W_16-19cm_N1of2_Z200x_obj00328_plane000,5596,0.9623504290427267,557.2508293825823,182.6415825855017,49.64413634378423,2.0617212640996962,176.04362489893447,59.68103733025829,2.9497413713632006
306,121_1,121_U1553D_4R_6W_16-19cm_N1of2_Z200x_obj00329_plane000,2201,0.6953315850678696,198.06601717798213,63.5747641812131,45.69048847524062,1.1776761911800875,62.649665128965395,44.26488531149773,1.4153355348848549
307,121_1,121_U1553D_4R_6W_16-19cm_N1of2_Z200x_obj00330_plane000,6003,0.9493278599434333,448.3574311003805,162.17801941002764,50.970519548338174,1.42428863841464,167.17627633040672,55.41236528196822,3.016948933324232
308,121_1,121_U1553D_4R_6W_16-19cm_N1of2_Z200x_obj00331_plane000,5262,0.9290138735317621,409.3980156401966,143.90326772295646,53.25066929719497,1.431044983325643,149.27234372933322,54.7145797583978,2.7282004977187517
309,121_1,121_U1553D_4R_6W_16-19cm_N1of2_Z200x_obj00332_plane000,2688,0.8965988316708131,300.13203435596427,91.24103608195271,40.40551722916982,1.8834137351634401,97.58073580374356,43.1335136523794,2.2622950819672134
310,121_1,121_U1553D_4R_6W_16-19cm_N1of2_Z200x_obj00333_plane000,7367,0.8775273266094963,789.2295808265225,152.36436183341115,73.06276930752756,2.821889585370731,170.41240493560892,71.3925304667275,2.386978074898601
311,121_1,121_U1553D_4R_6W_16-19cm_N1of2_Z200x_obj00336_plane000,2609,0.9525922467611652,379.87214972614186,126.0053406302254,38.337114307372545,2.8875242591960495,131.3073420021653,46.255906275156356,2.8387151517705607
312,121_1,121_U1553D_4R_6W_16-19cm_N1of2_Z200x_obj00337_plane000,2172,0.9330528998815873,423.70057685088807,111.44396693442349,40.09076258136,3.312761923421813,105.17860151654997,47.69837635812379,2.205077186000198
313,121_1,121_U1553D_4R_6W_16-19cm_N1of2_Z200x_obj00338_plane000,10205,0.9242327370298566,577.2518754031088,196.26442170490407,74.93956675593569,1.311119104329311,195.87018798564853,85.47268831322316,2.2916114123831317
314,121_1,121_U1553D_4R_6W_16-19cm_N1of2_Z200x_obj00339_plane000,2123,0.8149118369725278,245.0365799264593,75.21978799821947,43.59625600794574,1.7238841871287454,67.0,61.0,1.098360655737705
315,121_1,121_U1553D_4R_6W_16-19cm_N1of2_Z200x_obj00340_plane000,4727,0.949500915128113,407.747258045114,148.9866693579501,46.746692373767054,1.6698376981283065,147.84887931031065,51.54716811404966,2.8682250590990868
316,121_1,121_U1553D_4R_6W_16-19cm_N1of2_Z200x_obj00341_plane000,4368,0.8953571028959941,501.8315651863258,128.16180280369227,57.07672013991451,2.1628397450019348,143.07833621297132,63.36208103302055,2.258106644862365
317,121_1,121_U1553D_4R_6W_16-19cm_N1of2_Z200x_obj00342_plane000,2634,0.8193513914973647,354.2741699796952,87.1165603750096,49.94319521826404,2.5864986086846904,95.34093703882343,50.00247176848629,1.9067244811467778
318,121_1,121_U1553D_4R_6W_16-19cm_N1of2_Z200x_obj00343_plane000,1549,0.4204135678433767,182.23759005323595,48.293658058957305,43.81840992963103,1.6618896401916394,48.580454449339996,46.204676410871684,1.0514185624273586
319,121_1,121_U1553D_4R_6W_16-19cm_N1of2_Z200x_obj00344_plane000,2013,0.4054004448062637,238.4274528917194,55.06570606759319,50.33772056357435,1.5890753253033365,59.2325021574321,54.160205753771564,1.0936535659912503
320,121_1,121_U1553D_4R_6W_16-19cm_N1of2_Z200x_obj00345_plane000,6248,0.8456205679881409,397.20310216782974,130.30168707276405,69.55301631297789,1.159203301942683,123.18559276069988,75.82181567432612,1.624672156227611
321,121_1,121_U1553D_4R_6W_16-19cm_N1of2_Z200x_obj00346_plane000,5154,0.8609759611970342,347.44574285494906,116.52134940409742,59.26807716025833,1.256351876392804,115.49187421821232,62.57253198983834,1.8457279983007238
322,121_1,121_U1553D_4R_6W_16-19cm_N1of2_Z200x_obj00347_plane000,2989,0.9311520011679318,285.7228714274745,109.98604224021165,40.10434840309649,1.5214292239822815,104.20077549403523,46.81982570639782,2.2255694873250333
323,121_1,121_U1553D_4R_6W_16-19cm_N1of2_Z200x_obj00348_plane000,2534,0.5295666020218996,354.0609665440988,65.18077940257172,55.29079297973203,2.222413688564378,64.15375023794645,55.5291078936386,1.1553175023237838
324,121_1,121_U1553D_4R_6W_16-19cm_N1of2_Z200x_obj00349_plane000,7635,0.8901485006621314,710.4417382415922,171.0369211583719,77.93648730238456,2.067153087695732,151.00229797992102,99.99374271615736,1.510117472135799
325,121_1,121_U1553D_4R_6W_16-19cm_N1of2_Z200x_obj00350_plane000,2845,0.7684878925616082,254.80613254815972,76.40043514636477,48.88591313797443,1.3412066328341543,76.21162432146289,49.11000592002595,1.551855327518613
326,121_1,121_U1553D_4R_6W_16-19cm_N1of2_Z200x_obj00351_plane000,2378,0.7485276827367552,299.74725804511405,74.45592552415658,49.37198798083759,1.9932021405246945,71.0,55.0,1.290909090909091
327,121_1,121_U1553D_4R_6W_16-19cm_N1of2_Z200x_obj00352_plane000,4295,0.7787234200822503,279.0782104868019,96.32854136874685,60.43338504207738,1.1131484808745222,91.0,67.0,1.3582089552238805
328,121_1,121_U1553D_4R_6W_16-19cm_N1of2_Z200x_obj00353_plane000,5504,0.8714234586244473,493.4995667241114,144.6769267998102,70.96859040024822,2.0410952234000588,167.6936315382281,70.26788418893459,2.3864904070163475
329,121_1,121_U1553D_4R_6W_16-19cm_N1of2_Z200x_obj00354_plane000,2144,0.5633652903521149,333.26197667087547,62.274797890871604,51.451932083898754,3.4006324150089333,53.0,50.0,1.06
330,121_1,121_U1553D_4R_6W_16-19cm_N1of2_Z200x_obj00355_plane000,3485,0.9499029978059893,476.38686835190333,149.3120505669533,46.666715194032214,2.559264009492591,152.50658621334438,56.1895787147802,2.7141436134887553
331,121_1,121_U1553D_4R_6W_16-19cm_N1of2_Z200x_obj00356_plane000,3767,0.7991925506755612,266.651803615609,93.23738795635761,56.042671599695694,1.1101991106728284,87.27717034260431,58.35673779366163,1.4955800074226193
332,121_1,121_U1553D_4R_6W_16-19cm_N1of2_Z200x_obj00357_plane000,10687,0.9245593254565801,607.1858582251266,206.36460649665284,78.63278299874082,1.3379342926759779,222.64554580745678,87.81554396596655,2.535377403045461
333,121_1,121_U1553D_4R_6W_16-19cm_N1of2_Z200x_obj00358_plane000,2356,0.4164346061881521,251.9066376115481,59.6580566300833,54.239057134023476,1.4329242607890378,58.28009368475829,55.85769085963162,1.043367400045485
334,121_1,121_U1553D_4R_6W_16-19cm_N1of2_Z200x_obj00359_plane000,6887,0.9601185527593225,699.8326112068523,207.06837902654792,57.894913362623406,6.081742565829302,177.78106487201345,63.655268568957624,2.7928727483008506
335,121_1,121_U1553D_4R_6W_16-19cm_N1of2_Z200x_obj00360_plane000,5895,0.9087220294610872,406.04877323527904,142.7028831785578,59.564442103746615,1.2894052154673232,143.2340279427949,66.93239111460305,2.1399807411264686
336,121_1,121_U1553D_4R_6W_16-19cm_N1of2_Z200x_obj00361_plane000,1551,0.8119168438714696,214.49242404917496,61.43115142742762,35.86185403968797,2.1150134336668205,61.14262126903911,38.83857910108887,1.5742754416915559
337,121_1,121_U1553D_4R_6W_16-19cm_N1of2_Z200x_obj00362_plane000,3333,0.491639706492198,295.1198410471445,73.15966256420236,63.70734002281284,1.4192471082468345,70.07693129319412,67.07693862915042,1.0447246509061754
338,121_1,121_U1553D_4R_6W_16-19cm_N1of2_Z200x_obj00364_plane000,10296,0.9317516363929002,684.4600282048219,206.36969242312517,74.93206180621307,1.6005266576502466,216.48346016150057,81.52568171955993,2.6554020229623068
339,121_1,121_U1553D_4R_6W_16-19cm_N1of2_Z200x_obj00365_plane000,3601,0.788212907344814,321.84776310850236,98.59332663112141,60.67459376561329,1.7539629014753817,95.83942810205666,69.30109069404764,1.3829425647162061
340,121_1,121_U1553D_4R_6W_16-19cm_N1of2_Z200x_obj00366_plane000,4803,0.9474265239325996,366.73506473629425,143.77320652766858,46.003602854189985,1.3764966808023533,146.6390398215827,49.575297029630505,2.9579054207973474
341,121_1,121_U1553D_4R_6W_16-19cm_N1of2_Z200x_obj00367_plane000,5543,0.9338136115172632,478.81937187750606,147.42611454695694,52.743150534217264,1.8515101947485246,156.97197202048528,50.53511581968437,3.106195948587136
342,121_1,121_U1553D_4R_6W_16-19cm_N1of2_Z200x_obj00368_plane000,2803,0.7999101773065884,303.0904037956217,82.77304398517636,49.67373804253229,1.7284355607392037,93.3981532530548,53.45895925222973,1.7471001036960747
343,121_1,121_U1553D_4R_6W_16-19cm_N1of2_Z200x_obj00369_plane000,3387,0.4628560303811302,308.98380207782344,72.26662492920046,64.05955503610554,1.4442468756771227,75.0,64.0,1.171875
344,121_1,121_U1553D_4R_6W_16-19cm_N1of2_Z200x_obj00370_plane000,4094,0.9291973098493388,427.2985565973347,128.7024623941714,47.56637544301125,2.096844124316331,126.2846095786999,63.04108359756694,2.0032112770278245
345,121_1,121_U1553D_4R_6W_16-19cm_N1of2_Z200x_obj00371_plane000,2199,0.588532746198187,218.10764773832477,61.265219867454164,49.531299401014586,1.4114541280075565,59.99351169297846,52.28055601572322,1.1475301003863767
346,121_1,121_U1553D_4R_6W_16-19cm_N1of2_Z200x_obj00372_plane000,4212,0.8579412555219333,350.51681066681454,110.61842815770704,56.82997411286635,1.634354540026552,118.35932210457698,54.109778662192376,2.187392464557928
347,121_1,121_U1553D_4R_6W_16-19cm_N1of2_Z200x_obj00373_plane000,6069,0.920828140206101,449.5462479183374,155.93423559761433,60.80946098993745,1.4398132009944415,158.46183045853957,71.58238184420132,2.213698767434575
348,121_1,121_U1553D_4R_6W_16-19cm_N1of2_Z200x_obj00374_plane000,3317,0.9425579386863346,330.8599564173221,117.01868361176153,39.08923821448746,2.041296270383947,121.2625352501384,41.96898018006425,2.889337189749955
349,121_1,121_U1553D_4R_6W_16-19cm_N1of2_Z200x_obj00375_plane000,2355,0.8211961953985588,244.6639969244288,75.49789831164404,43.082570461484785,1.4467511859218063,79.11968273848902,45.74106700893007,1.7297297136300387
350,121_1,121_U1553D_4R_6W_16-19cm_N1of2_Z200x_obj00377_plane000,2980,0.8660720499957623,258.19090885901,91.07919127679648,45.53223622908821,1.4890162695768419,87.64362559266856,48.21079303392952,1.817925407926545
351,121_1,121_U1553D_4R_6W_16-19cm_N1of2_Z200x_obj00378_plane000,5900,0.9381445408285134,431.445742854949,162.68037645397592,56.32708382150041,1.3942854660147765,163.41375788970402,64.36558293038023,2.538837534749857
352,121_1,121_U1553D_4R_6W_16-19cm_N1of2_Z200x_obj00379_plane000,3848,0.9462235902268968,346.7533546995239,130.35668929949628,42.172135227793426,1.6357620834300308,128.02472820329496,45.253869896811565,2.829033815123845
353,121_1,121_U1553D_4R_6W_16-19cm_N1of2_Z200x_obj00380_plane000,2037,0.798924412835841,208.79393923933998,68.32659526391369,41.09376289538298,1.5645170176837602,69.5184644237384,44.520656236991044,1.5614878642776457
354,121_1,121_U1553D_4R_6W_16-19cm_N1of2_Z200x_obj00381_plane000,2741,0.40858274709881476,269.42745289171944,65.57863640004818,59.85501709252064,1.5691894613404676,69.28559063259075,62.032187869925544,1.11692966203086
355,121_1,121_U1553D_4R_6W_16-19cm_N1of2_Z200x_obj00382_plane000,5159,0.9676476782958735,437.58787847867995,170.04891662544438,42.90424504033103,1.5006546988397378,168.6353929931702,48.15259366431136,3.502104043840021
356,121_1,121_U1553D_4R_6W_16-19cm_N1of2_Z200x_obj00383_plane000,4100,0.7787622804606348,304.71172413918134,92.40952487683164,57.97026419806536,1.3014922161899858,93.63823239442458,62.596982268586466,1.49589052061086
357,121_1,121_U1553D_4R_6W_16-19cm_N1of2_Z200x_obj00384_plane000,5065,0.9274048334766121,359.6639969244288,138.35452644263188,51.75278157998131,1.149041489797754,124.99624758240873,58.334572238449155,2.142747307230992
358,121_1,121_U1553D_4R_6W_16-19cm_N1of2_Z200x_obj00385_plane000,3154,0.17478526434680472,222.45079348883235,64.03598367571138,63.050250688373836,1.0892415783489693,64.0,63.0,1.0158730158730158
359,121_1,121_U1553D_4R_6W_16-19cm_N1of2_Z200x_obj00386_plane000,2732,0.8779552100576004,343.58787847867995,95.82095797810297,45.87359177773848,2.3155197387560844,92.10895497745028,54.098474397723486,1.7026164970989701
360,121_1,121_U1553D_4R_6W_16-19cm_N1of2_Z200x_obj00387_plane000,3231,0.8407840905092122,285.770598642227,92.40146633679404,50.02343612826076,1.3656582893935578,93.01173004849713,52.761043197427924,1.7628864861608993
361,121_1,121_U1553D_4R_6W_16-19cm_N1of2_Z200x_obj00388_plane000,3434,0.9266169620667324,287.4041122946064,114.72652438234353,43.13793682624492,1.6734827019017693,109.0342744193062,47.84797071892901,2.2787648625644104
362,121_1,121_U1553D_4R_6W_16-19cm_N1of2_Z200x_obj00389_plane000,3615,0.88772117933211,275.5218613006978,103.44325235500936,47.62335768691331,1.1617829728887608,96.04577114813837,49.01541410117103,1.9595013713419536
363,121_1,121_U1553D_4R_6W_16-19cm_N1of2_Z200x_obj00391_plane000,3918,0.8076546396788027,415.7422074112307,100.70547237689553,59.38156763204553,1.8464766339703567,120.7428922242271,64.8134234515956,1.8629303282274718
364,121_1,121_U1553D_4R_6W_16-19cm_N1of2_Z200x_obj00392_plane000,2524,0.7671042031596716,251.5990257669732,74.66252453336084,47.897690761788766,1.5161945238920964,83.0992247782133,50.795856097214504,1.6359449601395775
365,121_1,121_U1553D_4R_6W_16-19cm_N1of2_Z200x_obj00393_plane000,2912,0.8885475996480164,269.5218613006978,95.27164294248955,43.7091474355769,1.271079931749523,89.17623906409727,49.64775745517377,1.7961785916436044
366,121_1,121_U1553D_4R_6W_16-19cm_N1of2_Z200x_obj00394_plane000,2165,0.6614284495921252,225.07821048680188,62.71524997968274,47.03695618176287,1.4357265599267004,66.53207707068111,47.652879279926914,1.3961816804363967
367,121_1,121_U1553D_4R_6W_16-19cm_N1of2_Z200x_obj00395_plane000,2001,0.9182864057681351,265.0071426749364,83.70362108230259,33.13966605034935,2.373406849549867,84.46376378321209,37.27698562114017,2.2658421107771063
368,121_1,121_U1553D_4R_6W_16-19cm_N1of2_Z200x_obj00396_plane000,3698,0.74541899655451,333.7888886054567,89.13505504917933,59.41709070225276,1.6477824468417703,82.02437987414385,68.5893523802987,1.195876284402769
369,121_1,121_U1553D_4R_6W_16-19cm_N1of2_Z200x_obj00397_plane000,2710,0.9108607593581566,343.50461735799473,105.22217549560226,43.426643427902505,2.0341357258168697,118.46308165632406,46.52368046205129,2.546296433983823
370,121_1,121_U1553D_4R_6W_16-19cm_N1of2_Z200x_obj00398_plane000,2002,0.802865898461917,340.9310242291876,68.26941421368842,40.69947127422907,2.7258984047535533,70.2190372454931,46.36706477766833,1.5144162690089569
371,121_1,121_U1553D_4R_6W_16-19cm_N1of2_Z200x_obj00399_plane000,5027,0.9468767352454169,380.1076477383247,152.35301195611532,48.99622843836113,1.3538065085371598,146.0,57.0,2.56140350877193
372,121_1,121_U1553D_4R_6W_16-19cm_N1of2_Z200x_obj00400_plane000,6673,0.9742230508574279,535.2691193458119,199.31944732543545,44.963855227443496,1.3035169757075111,182.96649182139058,50.55110432977054,3.619436098325512
373,121_1,121_U1553D_4R_6W_16-19cm_N1of2_Z200x_obj00401_plane000,3940,0.9595846204977676,379.9310242291876,140.29314076136134,39.48133049561594,1.7263058639468631,132.73495371831697,45.72152577856365,2.9031173272994577
374,121_1,121_U1553D_4R_6W_16-19cm_N1of2_Z200x_obj00402_plane000,2776,0.9401784761929967,353.1736649163069,113.919419318441,38.81033035153231,2.2683179309526458,119.01404677384664,44.86888615302306,2.652484984092435
375,121_1,121_U1553D_4R_6W_16-19cm_N1of2_Z200x_obj00403_plane000,3063,0.922584473056813,273.04877323527904,104.37098155934791,40.26581744625974,1.7804973397740447,100.1758522159285,42.038084800933966,2.3829784989087535
376,121_1,121_U1553D_4R_6W_16-19cm_N1of2_Z200x_obj00404_plane000,2149,0.8754778103965875,279.35028842544403,83.33361174797214,40.271661183022765,1.7863010391124767,100.69541577838375,42.428118631257014,2.373317955800211
377,121_1,121_U1553D_4R_6W_16-19cm_N1of2_Z200x_obj00405_plane000,2270,0.8426153446524189,244.19090885901,77.74689338867793,41.86793872765086,1.8493478747781407,75.8059304207371,47.01062619271885,1.6125275615341228
378,121_1,121_U1553D_4R_6W_16-19cm_N1of2_Z200x_obj00406_plane000,4819,0.7996141247554427,398.2741699796952,119.03654402473904,71.48312976175004,1.8552938791583777,112.67122703104734,88.48038495422018,1.2734034451742442
379,121_1,121_U1553D_4R_6W_16-19cm_N1of2_Z200x_obj00407_plane000,2227,0.7960606878606735,260.19090885901,75.19491981057631,45.50922913169101,1.8106725982764296,87.04860666641446,48.753757023504086,1.785474842983865
380,121_1,121_U1553D_4R_6W_16-19cm_N1of2_Z200x_obj00408_plane000,2116,0.6355496800208192,271.53405460951757,60.73175136263821,46.88855440839821,1.7818975174765115,63.0,49.0,1.2857142857142858
381,121_1,121_U1553D_4R_6W_16-19cm_N1of2_Z200x_obj00409_plane000,2577,0.8099027052432707,314.8183258569795,78.77394269879784,46.205977857303516,1.8273190209266852,82.84285092047645,50.88959924304556,1.6278935608202405
382,121_1,121_U1553D_4R_6W_16-19cm_N1of2_Z200x_obj00410_plane000,2025,0.855223586894599,250.42135623730948,76.16070787918282,39.470988862027404,2.2310714956837905,77.34494772642536,43.281228329527686,1.7870321779582774
383,121_1,121_U1553D_4R_6W_16-19cm_N1of2_Z200x_obj00411_plane000,1869,0.8168817138497615,217.27922061357856,65.67066678607907,37.87918361705546,1.8559600136452903,66.05532399201887,40.24059744278868,1.6415095249500655
384,121_1,121_U1553D_4R_6W_16-19cm_N1of2_Z200x_obj00412_plane000,1032455,0.852272988899667,6527.438272034484,1793.9911714340872,938.4318816272404,1.1655234877712182,2177.8493612329003,1066.7844797363439,2.0415082920696
385,121_1,121_U1553D_4R_6W_16-19cm_N1of2_Z200x_obj00415_plane000,14855,0.8555131873296363,703.050865276332,197.24434573682714,102.12937883585654,1.340847907020428,206.06073976490055,112.77604005244834,1.827167718152443
386,121_1,121_U1553D_4R_6W_16-19cm_N1of2_Z200x_obj00417_plane000,14726,0.9729151767239584,741.9909447527598,302.67112776030825,69.96618674336821,1.1584695101651852,284.73089980666765,77.11583278472519,3.692249561792531
387,121_1,121_U1553D_4R_6W_16-19cm_N1of2_Z200x_obj00418_plane000,438346,0.8395284041290115,4349.328352786356,1153.9807901778402,626.9759963391772,1.1590567753841918,1042.0,951.0,1.0956887486855942
388,121_1,121_U1553D_4R_6W_16-19cm_N1of2_Z200x_obj00420_plane000,8136,0.9670519851511165,1257.615403157899,465.81661517762626,118.58711963491598,12.230230864391462,415.3471300098153,128.77413071583692,3.225392613415134
389,121_1,121_U1553D_4R_6W_16-19cm_N1of2_Z200x_obj00421_plane000,8326,0.7893516570057355,688.9625535217634,136.74376656117025,83.95265045747989,1.910546637341189,132.58944877877917,103.09450217741252,1.2860962124887088
390,121_1,121_U1553D_4R_6W_16-19cm_N1of2_Z200x_obj00422_plane000,34926,0.8430617607764458,916.4844148224614,291.1200245622739,156.56922842981703,1.1494095173908747,298.83521531640906,154.78134908780157,1.9306926647014249
391,121_1,121_U1553D_4R_6W_16-19cm_N1of2_Z200x_obj00423_plane000,31382,0.8645402132602192,992.7148622007609,296.28839669831024,148.9037773175631,1.3088174007278182,311.82331707941086,154.6713339052517,2.0160381966475254
392,121_1,121_U1553D_4R_6W_16-19cm_N1of2_Z200x_obj00424_plane000,19487,0.9723840304854972,894.0884912233179,339.0961255881234,79.14048615570928,1.1796324954518569,327.4862512781334,81.48207824562213,4.019120011776683
393,121_1,121_U1553D_4R_6W_16-19cm_N1of2_Z200x_obj00425_plane000,10895,0.9929402976541579,867.8975823643079,378.02442472422473,44.83944214349177,1.7089719506727068,344.1126119460547,55.1675844096529,6.237587083581711
394,121_1,121_U1553D_4R_6W_16-19cm_N1of2_Z200x_obj00427_plane000,14598,0.5045508980947355,559.4873734152916,157.27007353540782,135.78414273340158,1.0871546865622346,152.67457409290645,151.90383034636008,1.0050738927701097
395,121_1,121_U1553D_4R_6W_16-19cm_N1of2_Z200x_obj00428_plane000,3429,0.6539174394032532,374.1797615707167,78.11882546301605,59.10204059826922,1.8475557544252768,77.65755021861085,58.83024976968833,1.3200275457375856
396,121_1,121_U1553D_4R_6W_16-19cm_N1of2_Z200x_obj00432_plane000,21588,0.8432431212773365,906.8864350760147,246.81365835073112,132.67032833874205,1.3113431799840782,271.2143473186823,144.67405718789382,1.8746577830913091
397,121_1,121_U1553D_4R_6W_16-19cm_N1of2_Z200x_obj00433_plane000,14122,0.9688378733804767,785.2813126546316,276.9551733111809,68.60061407845721,1.3314227664299685,267.2054569940841,71.18854392625408,3.7534895680811875
398,121_1,121_U1553D_4R_6W_16-19cm_N1of2_Z200x_obj00435_plane000,10469,0.7730005485591768,393.56349186104046,145.03576222834826,92.011463935489,1.0084912500666539,140.0,89.0,1.5730337078651686
399,121_1,121_U1553D_4R_6W_16-19cm_N1of2_Z200x_obj00437_plane000,8648,0.9165877389754041,519.0264786586927,172.98637214608976,69.16576588837553,1.3125909121286872,183.370623782863,77.53056030555828,2.3651399275353473
400,121_1,121_U1553D_4R_6W_16-19cm_N1of2_Z200x_obj00440_plane000,3761,0.5772294118634629,486.4873734152916,110.56595256689387,90.28616961418419,4.553913096999999,112.30154986433298,79.89224186032868,1.4056627683657164
401,121_1,121_U1553D_4R_6W_16-19cm_N1of2_Z200x_obj00441_plane000,2124,0.6920917861162534,254.73506473629422,63.44225677001988,45.79322387096426,1.6807944114798619,66.25278561273532,48.662100242385755,1.3614863576115792
